id,s_lo,s_hi,s_mid,midpoint_ritz,rayleigh_lower,rayleigh_upper,target_11_5_verified,down_scaled_upper
1,0,0.005,0.0025,10.9574878489561,10.9565710705016,10.9584046274174,1,-1.92014309633711
2,0.005,0.01,0.0075,10.956755777692,10.9554740329842,10.958037522437,1,-1.92151150884076
3,0.01,0.015,0.0125,10.9552990111861,10.9536576652221,10.9569403571586,1,-1.92539089417305
4,0.015,0.02,0.0175,10.9531322268669,10.9511402671833,10.9551241865402,1,-1.93174655351634
5,0.02,0.025,0.0225,10.9502772553858,10.9479472015807,10.9526073092122,1,-1.94052103647396
6,0.025,0.03,0.0275,10.9467628609434,10.9441106386826,10.9494150832081,1,-1.95163472119357
7,0.03,0.035,0.0325,10.9426244531696,10.9396692350687,10.9455796712292,1,-1.96498661632196
8,0.035,0.04,0.0375,10.9379037345037,10.9346677497982,10.9411397192183,1,-1.98045537292129
9,0.04,0.045,0.0425,10.9326482878293,10.9291566034529,10.9361399722483,1,-1.99790049372636
10,0.045,0.05,0.0475,10.9269111098065,10.9231913853471,10.9306308342212,1,-2.01716371930615
11,0.05,0.055,0.0525,10.920750095926,10.9168323165867,10.9246678752666,1,-2.03807057887887
12,0.055,0.06,0.0575,10.9142274837546,10.9101436730415,10.9183112944328,1,-2.06043208188627
13,0.06,0.065,0.0625,10.9074092611512,10.9031931785907,10.9116253437111,1,-2.08404653130722
14,0.065,0.07,0.0675,10.90036454643,10.8960513720851,10.9046777207817,1,-2.10870143545869
15,0.07,0.075,0.0725,10.8931649474979,10.8887909583891,10.8975389366096,1,-2.13417549898892
16,0.075,0.08,0.0775,10.885883906952,10.881486147209,10.8902816667358,1,-2.16024066522222
17,0.08,0.085,0.0825,10.878596039962,10.8742119893354,10.8829800905905,1,-2.18666419623558
18,0.085,0.09,0.0875,10.8713764715178,10.8670437149553,10.8757092280839,1,-2.21321076153329
19,0.09,0.095,0.0925,10.8643001793067,10.8600560809744,10.8685442776295,1,-2.23964452223857
20,0.095,0.1,0.0975,10.8574413480987,10.8533227315016,10.8615599646932,1,-2.26573118218303
21,0.1,0.105,0.1025,10.8508727410944,10.8469155799398,10.8548299023163,1,-2.29124000133111
22,0.105,0.11,0.1075,10.8446650932315,10.8409042134887,10.8484259729952,1,-2.31594574200819
23,0.11,0.115,0.1125,10.8388865309708,10.8353553277059,10.842417734237,1,-2.33963054063166
24,0.115,0.12,0.1175,10.8336020225916,10.8303321918706,10.8368718533624,1,-2.36208568740588
25,0.12,0.125,0.1225,10.8288728625569,10.8258941519987,10.8318515732123,1,-2.38311330877117
26,0.125,0.13,0.1275,10.8247561930234,10.8220961715823,10.8274162144702,1,-2.40252793462212
27,0.13,0.135,0.1325,10.8213045651346,10.8189884122499,10.8236207179475,1,-2.42015793976342
28,0.135,0.14,0.1375,10.818565542293,10.8166158596421,10.8205152249756,1,-2.43584686544518
29,0.14,0.145,0.1425,10.8165813472124,10.8150179907596,10.8181447036545,1,-2.44945459658387
30,0.145,0.15,0.1475,10.8153885541758,10.8142284923417,10.8165486161118,1,-2.46085840992171
31,0.15,0.155,0.1525,10.8150178275789,10.8142260125409,10.8158096425971,1,-2.46979960117032
32,0.155,0.16,0.1575,10.8154937075315,10.8142732065004,10.8167142085543,1,-2.47380427943471
33,0.16,0.165,0.1625,10.8168344429992,10.8151778695503,10.8184910164789,1,-2.47530201504314
34,0.165,0.17,0.1675,10.8190518727236,10.8169550654643,10.8211486799833,1,-2.47426743846931
35,0.17,0.175,0.1725,10.8221513539232,10.8196133989639,10.8246893087902,1,-2.47069571757178
36,0.175,0.18,0.1775,10.8261317385813,10.82315496766,10.8291085094477,1,-2.46460255631412
37,0.18,0.185,0.1825,10.8309853969467,10.8275753630319,10.8343954308812,1,-2.45602405238638
38,0.185,0.19,0.1875,10.8366982877111,10.832863715975,10.840532859516,1,-2.44501639882602
39,0.19,0.195,0.1925,10.8432500741851,10.8390027919328,10.8474973564033,1,-2.43165545346045
40,0.195,0.2,0.1975,10.8506142856619,10.8459691276303,10.8552594435812,1,-2.41603615340868
41,0.2,0.205,0.2025,10.8587585230356,10.8537332185914,10.8637838275164,1,-2.39827181290029
42,0.205,0.21,0.2075,10.8676447076235,10.8622597431949,10.8730296719832,1,-2.37849326551989
43,0.21,0.215,0.2125,10.8772293720222,10.8715078342162,10.8829509097994,1,-2.35684788417884
44,0.215,0.22,0.2175,10.8874639917107,10.8814313912983,10.8934965921979,1,-2.33349848266394
45,0.22,0.225,0.2225,10.8982953559735,10.891979431361,10.9046112807393,1,-2.30862208331898
46,0.225,0.23,0.2275,10.9096659765849,10.9030964804566,10.91623547281,1,-2.28240857905275
47,0.23,0.235,0.2325,10.9215145325224,10.9147229993888,10.9283060657042,1,-2.2550592739413
48,0.235,0.24,0.2375,10.9337763487979,10.9267958481627,10.9407568494763,1,-2.22678533331399
49,0.24,0.245,0.2425,10.9463839072793,10.9392487796546,10.9535190349032,1,-2.19780612336976
50,0.245,0.25,0.2475,10.9592673871337,10.9520129664605,10.9665218077839,1,-2.16834746794298
51,0.25,0.255,0.2525,10.9723552322429,10.965017557795,10.9796929066626,1,-2.13863983158508
52,0.255,0.26,0.2575,10.9855747426309,10.978190256272,10.9929592289,1,-2.10891641346828
53,0.26,0.265,0.2625,10.9988526865928,10.9914579241101,11.0062474491228,1,-2.07941120237848
54,0.265,0.27,0.2675,11.0121159298308,11.0047472025596,11.0194846571377,1,-2.05035697049525
55,0.27,0.275,0.2725,11.0252920774898,11.0179851498982,11.0325990050624,1,-2.02198323821487
56,0.275,0.28,0.2775,11.0383101245449,11.031099889203,11.0455203598832,1,-1.9945142219513
57,0.28,0.285,0.2825,11.0511011095386,11.0440212611566,11.0581809579722,1,-1.96816677582988
58,0.285,0.29,0.2875,11.0635987662062,11.0566814786361,11.0705160537825,1,-1.94314835176926
59,0.29,0.295,0.2925,11.0757401670751,11.0690157764081,11.082464557755,1,-1.91965499358555
60,0.295,0.3,0.2975,11.087466352703,11.0809630485199,11.0939696568837,1,-1.89786938575189
61,0.3,0.305,0.3025,11.0987229398343,11.0924664696037,11.1049794100722,1,-1.87795898157406
62,0.305,0.31,0.3075,11.109460701448,11.1034740903624,11.1154473125165,1,-1.86007422893766
63,0.31,0.315,0.3125,11.1196361114315,11.1139394023549,11.125332820557,1,-1.844346920556
64,0.315,0.32,0.3175,11.1292118465109,11.1238218625786,11.1346018304842,1,-1.83088868924024
65,0.32,0.325,0.3225,11.1381572380647,11.1330873728159,11.1432271033174,1,-1.81978967330403
66,0.325,0.33,0.3275,11.1464486666185,11.1417087043526,11.1511886288884,1,-1.81111737310431
67,0.33,0.335,0.3325,11.1540698921346,11.1496658619137,11.158473922353,1,-1.80491572036173
68,0.335,0.34,0.3375,11.1610123137073,11.1569463802681,11.165078247137,1,-1.80120437912901
69,0.34,0.345,0.3425,11.1672751529491,11.1635455470268,11.1710047588897,1,-1.79997829549661
70,0.345,0.35,0.3475,11.1728655562039,11.1694665463752,11.176264566044,1,-1.80120750988609
71,0.35,0.355,0.3525,11.1777986117358,11.1747205195582,11.1808767039227,1,-1.80483724156766
72,0.355,0.36,0.3575,11.1820972792135,11.1793265384822,11.1848680199656,1,-1.81078825304165
73,0.36,0.365,0.3625,11.1857922300996,11.1833114908059,11.1882729693822,1,-1.81895749647101
74,0.365,0.37,0.3675,11.1889215989413,11.1867098750324,11.1911333228655,1,-1.82921903702002
75,0.37,0.375,0.3725,11.1915306470102,11.1895635075576,11.1934977864958,1,-1.84142525269752
76,0.375,0.38,0.3775,11.1936713412034,11.1919211427208,11.195421539703,1,-1.85540829222874
77,0.38,0.385,0.3825,11.1954018525606,11.1938380098194,11.1969656953005,1,-1.87098177833279
78,0.385,0.39,0.3875,11.1967859801437,11.1953752724265,11.1981966878622,1,-1.88794273666168
79,0.39,0.395,0.3925,11.1978925072875,11.1965994164497,11.1991855981283,1,-1.90607372620924
80,0.395,0.4,0.3975,11.1987944983805,11.1975815740192,11.2000074227875,1,-1.92514514177307
81,0.4,0.405,0.4025,11.1995685452896,11.1983967924228,11.200740298125,1,-1.94491766174522
82,0.405,0.41,0.4075,11.2002939733178,11.1991232573892,11.2014646892385,1,-1.96514480439636
83,0.41,0.415,0.4125,11.2010520171343,11.1998414815086,11.2022625527817,1,-1.98557556760523
84,0.415,0.42,0.4175,11.201924977455,11.2006334667709,11.203216488103,1,-2.00595710523211
85,0.42,0.425,0.4225,11.2029953693621,11.2015818549999,11.2044088837582,1,-2.02603741817104
86,0.425,0.43,0.4275,11.2043450730507,11.2027690735349,11.2059210725649,1,-2.045568018634
87,0.43,0.435,0.4325,11.2060544974837,11.2042764904711,11.2078325045772,1,-2.06430653815006
88,0.435,0.44,0.4375,11.2082017669548,11.2061835862681,11.2102199476367,1,-2.08201924887876
89,0.44,0.445,0.4425,11.2108619399166,11.2085671550795,11.2131567247083,1,-2.09848346926551
90,0.445,0.45,0.4475,11.2141062686516,11.2115005410767,11.2167119962422,1,-2.11348982808648
91,0.45,0.455,0.4525,11.2180015074976,11.2150529205883,11.2209500944578,1,-2.12684436518634
92,0.455,0.46,0.4575,11.2226092763799,11.219288636223,11.2259299165248,1,-2.13837044695245
93,0.46,0.465,0.4625,11.2279854854138,11.2242665899647,11.2317043808661,1,-2.14791048322848
94,0.465,0.47,0.4675,11.2341798253291,11.2300396990696,11.2383199516526,1,-2.15532742970732
95,0.47,0.475,0.4725,11.2412353274535,11.236654420977,11.2458162339501,1,-2.1605060680657
96,0.475,0.48,0.4775,11.2491879960188,11.2441503483696,11.254225643681,1,-2.16335405073506
97,0.48,0.485,0.4825,11.2580665146151,11.2525598786365,11.2635731505764,1,-2.16380271605319
98,0.485,0.49,0.4875,11.2678920277379,11.2619079576682,11.2738760978207,1,-2.16180766214385
99,0.49,0.495,0.4925,11.2786779975738,11.2722118992161,11.2851440959382,1,-2.15734908724206
100,0.495,0.5,0.4975,11.2904301354415,11.2834812793499,11.2973789915027,1,-2.15043189463105
101,0.5,0.505,0.5025,11.3031464066591,11.2957179049887,11.3105749083626,1,-2.14108556946207
102,0.505,0.51,0.5075,11.3168171070583,11.3089158555518,11.3247183585923,1,-2.12936383622938
103,0.51,0.515,0.5125,11.3314250088945,11.323061595204,11.3397884225788,1,-2.11534409876684
104,0.515,0.52,0.5175,11.3469455735129,11.3381341518548,11.3557569951907,1,-2.09912667237132
105,0.52,0.525,0.5225,11.363347227829,11.3541053646186,11.3725890910262,1,-2.08083383009936
106,0.525,0.53,0.5275,11.3805917014446,11.3709401898926,11.3902432129651,1,-2.06060864993468
107,0.53,0.535,0.5325,11.3986344210536,11.3885970692708,11.4086717727897,1,-2.03861369819111
108,0.535,0.54,0.5375,11.4174249586745,11.4070283517446,11.4278215657066,1,-2.01502954338327
109,0.54,0.545,0.5425,11.436907530187,11.4261807678726,11.4476342924962,1,-1.98918843670819
110,0.545,0.55,0.5475,11.4570215406004,11.4459959541052,11.4680471271036,1,-1.96215164051878
111,0.55,0.555,0.5525,11.4777021724833,11.4664110187375,11.4889933262463,1,-1.93418487216726
112,0.555,0.56,0.5575,11.4988810139612,11.4873591532426,11.5104028746751,0,-1.90551179009908
113,0.56,0.565,0.5625,11.5204867226846,11.508770279137,11.5322031663157,0,-1.87636418721524
114,0.565,0.57,0.5675,11.5424457221264,11.5305717276722,11.5543197166582,0,-1.84697986918679
115,0.57,0.575,0.5725,11.5646829264987,11.5526889542664,11.5766768987385,0,-1.81760046236491
116,0.575,0.58,0.5775,11.5871224904584,11.5750462747098,11.5991987062611,0,-1.78846914066568
117,0.58,0.585,0.5825,11.6096885795821,11.5975676282838,11.6218095309084,0,-1.75982831018771
118,0.585,0.59,0.5875,11.6323061573371,11.6201773565669,11.64443495811,0,-1.73191723876823
119,0.59,0.595,0.5925,11.6549017839327,11.6428009994115,11.6670025684347,0,-1.7049696688812
120,0.595,0.6,0.5975,11.6774044220042,11.6653660967908,11.6894427471895,0,-1.67921140613852
121,0.6,0.605,0.6025,11.6997462435634,11.6878029986057,11.7116894885252,0,-1.65485792437621
122,0.605,0.61,0.6075,11.7218634320361,11.7100456701781,11.7336811938955,0,-1.6321119877702
123,0.61,0.615,0.6125,11.7436969725185,11.7320324904561,11.755361454622,0,-1.61116132063701
124,0.615,0.62,0.6175,11.7651934226288,11.7537070351966,11.7766798100498,0,-1.59217635037672
125,0.62,0.625,0.6225,11.7863056555272,11.7750188358376,11.7975924752073,0,-1.575308041758
126,0.625,0.63,0.6275,11.8069935658655,11.7959241071477,11.8180630246099,0,-1.56068586249971
127,0.63,0.635,0.6325,11.8272247286394,11.8163864314502,11.838063025836,0,-1.54841589919556
128,0.635,0.64,0.6375,11.8469750001854,11.8363773924823,11.8575726079024,0,-1.53857916835709
129,0.64,0.645,0.6425,11.8662290499659,11.8558771442427,11.8765809556946,0,-1.53123014871561
130,0.645,0.65,0.6475,11.884980811352,11.8748749053236,11.8950867173651,0,-1.52639557391242
131,0.65,0.655,0.6525,11.903233839411,11.8933693660379,11.91309831278,0,-1.52407352121082
132,0.655,0.66,0.6575,11.9210015637999,11.9113689969927,11.930634130618,0,-1.52423283328667
133,0.66,0.665,0.6625,11.9383074252967,11.928892246282,11.9477226043031,0,-1.52681290243444
134,0.665,0.67,0.6675,11.9551848853274,11.9459676149508,11.9644021557349,0,-1.53172385017456
135,0.67,0.675,0.6725,11.9716772990966,11.962633599967,11.9807209982268,0,-1.53884712790939
136,0.675,0.68,0.6775,11.9878376446252,11.9789384969771,11.9967367922912,0,-1.54803655761621
137,0.68,0.685,0.6825,12.0037281021393,11.9949400550581,12.0125161492441,0,-1.55911982756221
138,0.685,0.69,0.6875,12.0194194808234,12.0107049797483,12.0281339819092,0,-1.57190044513282
139,0.69,0.695,0.6925,12.0349904928927,12.0263082823928,12.0436727034012,0,-1.58616014378283
140,0.695,0.7,0.6975,12.0505268782016,12.0418324778835,12.0592212785177,0,-1.6016617304771
141,0.7,0.705,0.7025,12.0661203860673,12.0573666349859,12.0748741371662,0,-1.61815234534695
142,0.705,0.71,0.7075,12.0818676245849,12.0730052879264,12.0907299612469,0,-1.63536709930197
143,0.71,0.715,0.7125,12.097868791248,12.088847221912,12.1068903605795,0,-1.65303304286728
144,0.715,0.72,0.7175,12.1142263020976,12.1049941473842,12.1234584568189,0,-1.67087340946875
145,0.72,0.725,0.7225,12.1310433397078,12.1215492821623,12.1405373972471,0,-1.68861206757285
146,0.725,0.73,0.7275,12.1484223429691,12.1386158634423,12.1582288225032,0,-1.70597810957818
147,0.73,0.735,0.7325,12.1664634637145,12.1562956135753,12.1766313138574,0,-1.72271050073529
148,0.735,0.74,0.7375,12.1852630166418,12.1746871857729,12.1958388475091,0,-1.7385627057461
149,0.74,0.745,0.7425,12.2049119496312,12.1938846163421,12.2159392829401,0,-1.75330721204953
150,0.745,0.75,0.7475,12.2254943614285,12.2139758111014,12.2370129117761,0,-1.76673987050841
151,0.75,0.755,0.7525,12.2470860926467,12.23504109279,12.2591310925133,0,-1.77868397749968
152,0.755,0.76,0.7575,12.2697534143117,12.2571518342043,12.2823549944329,0,-1.78899402849107
153,0.76,0.765,0.7625,12.2935518356317,12.2803692002732,12.30673447098,0,-1.79755908229292
154,0.765,0.77,0.7675,12.3185250495487,12.3047430202694,12.3323070788246,0,-1.80222441188008
155,0.77,0.775,0.7725,12.3447040309638,12.3303108055472,12.3590972564053,0,-1.80484012287028
156,0.775,0.78,0.7775,12.3721062985597,12.357096926649,12.3871156704883,0,-1.80577638451925
157,0.78,0.785,0.7825,12.4007353470445,12.3851119595621,12.4163587345591,0,-1.80508818116521
158,0.785,0.79,0.7875,12.4305802525984,12.4143522024806,12.4468083027261,0,-1.80287272025347
159,0.79,0.795,0.7925,12.4616154506476,12.4447993688689,12.4784315324517,0,-1.79926980519887
160,0.795,0.8,0.7975,12.4938006819757,12.4764204495924,12.511180914369,0,-1.79446173002839
161,0.8,0.805,0.8025,12.5270811009818,12.5091677415132,12.5449944604863,0,-1.78867272028923
162,0.805,0.81,0.8075,12.5613875387634,12.5429790346228,12.5797960429023,0,-1.78216794238312
163,0.81,0.815,0.8125,12.5966369141033,12.5777779491589,12.6154958790542,0,-1.77525209241484
164,0.815,0.82,0.8175,12.6327327874214,12.6134744186313,12.6519911562186,0,-1.76826758502637
165,0.82,0.825,0.8225,12.6695660568523,12.6499653125086,12.6891668012041,0,-1.76159232515102
166,0.825,0.83,0.8275,12.707015801961,12.6871352019594,12.7268964019736,0,-1.75563704336164
167,0.83,0.835,0.8325,12.7449502894832,12.7248572776757,12.7650433013282,0,-1.75084213745355
168,0.835,0.84,0.8375,12.7832281672934,12.7629944383952,12.8034618961983,0,-1.74767392481302
169,0.84,0.845,0.8425,12.8216998874493,12.801400584098,12.8419991908035,0,-1.74662016834762
170,0.845,0.85,0.8475,12.8602094169833,12.8399221615675,12.8804966724128,0,-1.74818468062221
171,0.85,0.855,0.8525,12.8985963156362,12.8784000325168,12.9187925987731,0,-1.75288075310553
172,0.855,0.86,0.8575,12.9366982825354,12.9166717520408,12.9567248130501,0,-1.76122308140302
173,0.86,0.865,0.8625,12.9743542974552,12.9545743749788,12.994134219954,0,-1.77371780673847
174,0.865,0.87,0.8675,13.0114085045563,12.9919479255196,13.0308690836068,0,-1.79085021762336
175,0.87,0.875,0.8725,13.0477150035594,13.0286396912617,13.066790315857,0,-1.81306963254236
176,0.875,0.88,0.8775,13.0831437194692,13.064509514231,13.1017779246903,0,-1.84077098186633
177,0.88,0.885,0.8825,13.1175875088138,13.0994362514108,13.1357387662145,0,-1.87427268159695
178,0.885,0.89,0.8875,13.1509706168199,13.1333255538653,13.1686156797731,0,-1.91379057321391
179,0.89,0.895,0.8925,13.1832585117682,13.1661190501409,13.2003979733986,0,-1.95940802310782
180,0.895,0.9,0.8975,13.2144689742217,13.1978049065306,13.2311330419197,0,-2.01104280041267
181,0.9,0.905,0.9025,13.2446840943452,13.2284295542695,13.2609386344176,0,-2.06841210671279
182,0.905,0.91,0.9075,13.2740625204705,13.2581101039802,13.2900149369619,0,-2.13099812764258
183,0.91,0.915,0.9125,13.3028509088049,13.2870466128163,13.3186552047888,0,-2.19801770306241
184,0.915,0.92,0.9175,13.3313930727262,13.3155329319495,13.3472532135111,0,-2.26840103235225
185,0.92,0.925,0.9225,13.3601348759496,13.3439643837189,13.376305368178,0,-2.34078555519976
186,0.925,0.93,0.9275,13.3896225490499,13.3728400756345,13.4064050224647,0,-2.4135319623225
187,0.93,0.935,0.9325,13.42049195355,13.402757357406,13.4382265496933,0,-2.48476932066941
188,0.935,0.94,0.9375,13.4534464942467,13.4343959073435,13.4724970811497,0,-2.55247523586077
189,0.94,0.945,0.9425,13.489221959491,13.468489308683,13.5099546102996,0,-2.61459474984578
190,0.945,0.95,0.9475,13.5285374892069,13.5057827749866,13.551292203431,0,-2.66919871178783
191,0.95,0.955,0.9525,13.5720328332037,13.546976760288,13.5970889061215,0,-2.71467994864806
192,0.955,0.96,0.9575,13.6201923907874,13.5926570991708,13.6477276824033,0,-2.74998627933377
193,0.96,0.965,0.9625,13.6732549004107,13.6432121763271,13.7032976244892,0,-2.77489822020384
194,0.965,0.97,0.9675,13.7311014122063,13.6987347746317,13.7634680497895,0,-2.78878669738489
195,0.97,0.975,0.9725,13.7930970155376,13.7588973964864,13.827296634593,0,-2.7902333161747
196,0.975,0.98,0.9775,13.8578155780281,13.8227672742361,13.8928638818238,0,-2.78994125078563
197,0.98,0.985,0.9825,13.9224389464252,13.8884702658062,13.9564076270505,0,-2.79918889201669
198,0.985,0.99,0.9875,13.9811295958663,13.9524646590977,14.0097945326363,0,-2.84233278956155
199,0.99,0.995,0.9925,14.0193775161331,14.0078842684297,14.0308707638301,0,-2.98568202168432
200,0.995,1,0.9975,13.9847001763169,13.920045455594,14.0493548970392,0,-3.14032178342401
