shell_index,q,eigenvalue,multiplicity,mode_start,mode_end,complete_J,requested_max_J_cuts_shell,B_sq_shell,contribution,cumulative,fraction_of_last_cumulative,lambda_xx_finite_shell,parseval_contribution,parseval_cumulative,rigorous_flag
1,7,122.82174365800091,2,2,3,3,False,1016.7876275509501,14.487486459798763,14.487486459798763,0.8539551396854123,41.208880599257945,8.278563691313579,8.278563691313579,exploratory_double
2,12,210.55156055657298,1,4,4,4,False,3.5563852665716e-25,2.252107279357534e-27,14.487486459798763,0.8539551396854123,41.208880599257945,1.6890804595181506e-27,8.278563691313579,exploratory_double
3,13,228.0975239362874,2,5,6,6,False,318.86460000007946,1.8173103015177354,16.3047967613165,0.9610752724075846,37.57425999622247,1.3979310011674888,9.676494692481068,exploratory_double
4,19,333.37330421457386,2,7,8,8,False,65.88111570243967,0.23467333439000365,16.539470095706502,0.9749079341743822,37.10491332744247,0.19761965001263468,9.874114342493703,exploratory_double
5,21,368.46523097400274,2,9,10,10,False,4.28083768943924e-25,1.3554360677334816e-27,16.539470095706502,0.9749079341743822,37.10491332744247,1.1618023437715558e-27,9.874114342493703,exploratory_double
6,27,473.7410112522892,1,11,11,11,False,8.011876417558444e-25,1.902592504273018e-27,16.539470095706502,0.9749079341743822,37.10491332744247,1.6911933371315717e-27,9.874114342493703,exploratory_double
7,28,491.28697463200365,2,12,13,13,False,83.42151525043377,0.1901782499942538,16.729648345700756,0.9861178631354635,36.72455682745396,0.1698020089234409,10.043916351417144,exploratory_double
8,31,543.9248647711469,2,14,15,15,False,20.75076790919896,0.042237569853632355,16.77188591555439,0.9886075282657412,36.640081687746694,0.038150063093603415,10.082066414510747,exploratory_double
9,37,649.2006450494333,2,16,17,17,False,24.065979350286085,0.04034106915357979,16.81222698470797,0.9909854054385481,36.55939954943953,0.03707017165464089,10.119136586165387,exploratory_double
10,39,684.2925718088621,2,18,19,19,False,7.059189265584001e-25,1.1175709561629001e-27,16.81222698470797,0.9909854054385481,36.55939954943953,1.0316039595349848e-27,10.119136586165387,exploratory_double
11,43,754.4764253277199,2,20,21,21,False,2.0176091683896433,0.0028747483462810046,16.81510173305425,0.9911548555451914,36.553650052746974,0.0026741845081683763,10.121810770673555,exploratory_double
12,48,842.2062422262919,1,22,22,22,False,1.4834378687347132e-24,1.8787960090008502e-27,16.81510173305425,0.9911548555451914,36.553650052746974,1.761371258438297e-27,10.121810770673555,exploratory_double
13,49,859.7522056060063,2,23,24,24,False,40.67150510208616,0.050391257251533615,16.865492990305782,0.9941251342919267,36.45286753824391,0.0473060782361336,10.169116848909688,exploratory_double
14,52,912.3900957451496,2,25,26,26,False,14.72733480162862,0.017129743553548533,16.882622733859332,0.9951348354978357,36.41860805113681,0.01614148911776689,10.185258338027454,exploratory_double
15,57,1000.1199126437217,2,27,28,28,False,5.119019162496144e-27,5.402761256582478e-30,16.882622733859332,0.9951348354978357,36.41860805113681,5.1184054009728734e-30,10.185258338027454,exploratory_double
16,61,1070.3037661625792,2,29,30,30,False,12.822881516454018,0.012600286418721107,16.895223020278053,0.9958775509011344,36.393407478299366,0.011980600201406955,10.19723893822886,exploratory_double
17,63,1105.395692922008,2,31,32,32,False,9.51107579818638e-25,9.03443866485222e-28,16.895223020278053,0.9958775509011344,36.393407478299366,8.604227299859255e-28,10.19723893822886,exploratory_double
18,67,1175.579546440866,2,33,34,34,False,1.837447523112953,0.0016362804895531013,16.896859300767606,0.9959740003534184,36.39013491732026,0.0015630141989760966,10.198801952427836,exploratory_double
19,73,1280.8553267191523,2,35,36,36,False,0.11315921718998999,9.213288609961736e-05,16.896951433653705,0.9959794310643866,36.38995065154806,8.834660310922213e-05,10.198890299030944,exploratory_double
20,75,1315.9472534785812,1,37,37,37,False,2.2099759733851728e-24,1.74935454253526e-27,16.896951433653705,0.9959794310643866,36.38995065154806,1.6793803608338496e-27,10.198890299030944,exploratory_double
21,76,1333.4932168582955,2,38,39,39,False,24.487763752624996,0.01911829013144615,16.91606972378515,0.9971063458100913,36.35171407128517,0.01836362078415222,10.217253919815096,exploratory_double
22,79,1386.1311069974388,2,40,41,41,False,10.16787627550201,0.007624992873572679,16.923694716658723,0.9975557958836097,36.336464085538026,0.007335436182171184,10.224589355997267,exploratory_double
23,84,1473.860923896011,2,42,43,43,False,5.558102596740508e-27,3.910788429911802e-30,16.923694716658723,0.9975557958836097,36.336464085538026,3.7711174145578085e-30,10.224589355997267,exploratory_double
24,91,1596.6826675540117,4,44,47,47,False,8.105500771140392,0.005249524424227582,16.92894424108295,0.9978652255680074,36.325965036689574,0.005076463179472826,10.22966581917674,exploratory_double
25,93,1631.7745943134405,2,48,49,49,False,1.5435155094475347e-24,9.774426149220638e-28,16.92894424108295,0.9978652255680074,36.325965036689574,9.45912207989094e-28,10.22966581917674,exploratory_double
26,97,1701.9584478322984,2,50,51,51,False,1.4247646129446296,0.0008638494235089123,16.92980809050646,0.9979161445909288,36.324237337842554,0.0008371324310292551,10.230502951607768,exploratory_double
27,103,1807.2342281105848,2,52,53,53,False,0.14195826713250473,8.090651055195312e-05,16.92988899701701,0.9979209135707453,36.32407552482145,7.855001024461467e-05,10.230581501618012,exploratory_double
28,108,1894.9640450091567,1,54,54,54,False,3.028142856412796e-24,1.6436518845526834e-27,16.92988899701701,0.9979209135707453,36.32407552482145,1.5979948877595531e-27,10.230581501618012,exploratory_double
29,109,1912.5100083888713,2,55,56,56,False,16.47027892566202,0.008855597524179094,16.938744594541188,0.9984429008072299,36.306364329773096,0.008611865482229211,10.239193367100242,exploratory_double
30,111,1947.6019351483,2,57,58,58,False,4.469027283252056e-28,2.3583704899427055e-31,16.938744594541188,0.9984429008072299,36.306364329773096,2.294630746971281e-31,10.239193367100242,exploratory_double
31,112,1965.1478985280146,2,59,60,60,False,7.315815072712575,0.003825242765069519,16.94256983730626,0.9986683771677318,36.298713844242954,0.003722780905290871,10.242916148005532,exploratory_double
32,117,2052.8777154265867,2,61,62,62,False,1.7764568313748913e-26,8.881219186402343e-30,16.94256983730626,0.9986683771677318,36.298713844242954,8.653495617520232e-30,10.242916148005532,exploratory_double
33,124,2175.6994590845875,2,63,64,64,False,0.0547230687496277,2.577554487824366e-05,16.942595612851136,0.9986698964898784,36.2986622931532,2.515194298602809e-05,10.242941299948518,exploratory_double
34,127,2228.3373492237306,2,65,66,66,False,5.57583920591425,0.0025627800671790633,16.945158392918316,0.9988209578362565,36.29353673301884,0.002502241955355936,10.245443541903873,exploratory_double
35,129,2263.4292759831596,2,67,68,68,False,2.2809761040751903e-24,1.0317464228785112e-27,16.945158392918316,0.9988209578362565,36.29353673301884,1.0077523200208714e-27,10.245443541903873,exploratory_double
36,133,2333.6131295020173,4,69,72,72,False,1.1036033469413353,0.00048382960406426667,16.94564222252238,0.9988494768466638,36.29256907381071,0.0004729161543485314,10.245916458058222,exploratory_double
37,139,2438.8889097803035,2,73,74,74,False,0.1306629349767073,5.475657585946517e-05,16.94569697909824,0.9988527044361781,36.29245956065899,5.357477925818175e-05,10.24597003283748,exploratory_double
38,147,2579.256616818019,3,75,77,77,False,4.270049955491245e-24,1.6900254519620492e-27,16.94569697909824,0.9988527044361781,36.29245956065899,1.655535136615885e-27,10.24597003283748,exploratory_double
39,148,2596.8025801977333,2,78,79,79,False,11.874123865012537,0.004667199380374658,16.950364178478615,0.9991278093627551,36.28312516189824,0.004572593987529227,10.250542626825009,exploratory_double
40,151,2649.440470336877,2,80,81,81,False,5.481971535886039,0.002111046707088767,16.952475225185704,0.999252243590227,36.27890306848406,0.0020691053817823678,10.252611732206791,exploratory_double
41,156,2737.1702872354485,2,82,83,83,False,3.006738689999959e-26,1.1200232462279704e-29,16.952475225185704,0.999252243590227,36.27890306848406,1.0984843376466633e-29,10.252611732206791,exploratory_double
42,157,2754.716250615163,2,84,85,85,False,0.003315219479315093,1.2269146327536768e-06,16.95247645210034,0.9992523159098845,36.278900614654795,1.2034704041023328e-06,10.252612935677195,exploratory_double
43,163,2859.9920308934497,2,86,87,87,False,0.05378050261435383,1.9157006889021695e-05,16.952495609107228,0.9992534451067634,36.278862300641016,1.8804423940143995e-05,10.252631740101135,exploratory_double
44,169,2965.267811171736,2,88,89,89,False,4.097589640842704,0.0014068349745545484,16.95390244408178,0.9993363700475765,36.27604863069191,0.0013818615726393791,10.254013601673774,exploratory_double
45,171,3000.359737931165,2,90,91,91,False,2.942640341381025e-24,9.982761241822043e-28,16.95390244408178,0.9993363700475765,36.27604863069191,9.807625079684814e-28,10.254013601673774,exploratory_double
46,172,3017.9057013108795,2,92,93,93,False,0.011389219613506257,3.840873856518803e-06,16.953906284955636,0.999336596445301,36.2760409489442,3.7738818706492894e-06,10.254017375555645,exploratory_double
47,175,3070.5435914500226,2,94,95,95,False,0.8588382808254791,0.00028458088682241725,16.95419086584246,0.9993533708741597,36.27547178717055,0.0002797023573340329,10.254297077912979,exploratory_double
48,181,3175.8193717283093,2,96,97,97,False,0.11198881912103302,3.585728840325021e-05,16.954226723130862,0.9993554844578935,36.27540007259375,3.526296870595877e-05,10.254332340881685,exploratory_double
49,183,3210.911298487738,2,98,99,99,False,4.6623007463678235e-28,1.4762182191204459e-31,16.954226723130862,0.9993554844578935,36.27540007259375,1.4520179204463404e-31,10.254332340881685,exploratory_double
50,189,3316.1870787660246,2,100,101,101,False,3.598597769115263e-27,1.1026638671958706e-30,16.954226723130862,0.9993554844578935,36.27540007259375,1.0851612661292695e-30,10.254332340881685,exploratory_double
51,192,3368.8249689051677,1,102,102,102,False,5.902835800186885e-24,1.7800068753610155e-27,16.954226723130862,0.9993554844578935,36.27540007259375,1.7521942679334996e-27,10.254332340881685,exploratory_double
52,193,3386.370932284882,2,103,104,104,False,8.981662164450894,0.002694175583618386,16.95692089871448,0.9995142908245623,36.27001172142651,0.00265229720667095,10.256984638088356,exploratory_double
53,196,3439.0088224240253,2,105,106,106,False,4.248653079263229,0.0012546331055341715,16.958175531820014,0.9995882443286339,36.26750245521544,0.001235429537592322,10.258220067625949,exploratory_double
54,199,3491.6467125631684,2,107,108,108,False,0.0058387176302311114,1.697790826286867e-06,16.95817722961084,0.9995883444037715,36.26749905963379,1.672195989709678e-06,10.25822173982194,exploratory_double
55,201,3526.7386393225975,2,109,110,110,False,2.2373663249608055e-26,6.440130803594776e-30,16.95817722961084,0.9995883444037715,36.26749905963379,6.344009448317243e-30,10.25822173982194,exploratory_double
56,208,3649.560382980598,2,111,112,112,False,0.04814862760789884,1.3386062030450633e-05,16.95819061567287,0.9995891334361894,36.26747228750973,1.3192993828088366e-05,10.258234932815768,exploratory_double
57,211,3702.1982731197418,2,113,114,114,False,0.0009249150295083774,2.5343190205089813e-07,16.958190869104772,0.9995891483745624,36.26747178064593,2.4982860486534037e-07,10.258235182644372,exploratory_double
58,217,3807.474053398028,4,115,118,118,False,3.1566552281622635,0.0008406905363941499,16.959031559641165,0.999638702312468,36.26579039957314,0.0008290680865822492,10.259064250730955,exploratory_double
59,219,3842.565980157457,2,119,120,120,False,3.615147813085307e-24,9.53882956937011e-28,16.959031559641165,0.999638702312468,36.26579039957314,9.40816067115956e-28,10.259064250730955,exploratory_double
60,223,3912.7498336763147,2,121,122,122,False,0.6865614711886889,0.00017786050799334222,16.959209420149158,0.9996491861804163,36.265434678557156,0.0001754677657333421,10.259239718496689,exploratory_double
61,228,4000.479650574887,2,123,124,124,False,1.4721208455372598e-27,3.728925663359856e-31,16.959209420149158,0.9996491861804163,36.265434678557156,3.6798608519998584e-31,10.259239718496689,exploratory_double
62,229,4018.025613954601,2,125,126,126,False,0.0944039705205737,2.380699621214823e-05,16.95923322714537,0.9996505894677865,36.265387064564734,2.3495114165700874e-05,10.259263213610854,exploratory_double
63,237,4158.393320992316,2,127,128,128,False,1.9915961852374894e-27,4.850742375620842e-31,16.95923322714537,0.9996505894677865,36.265387064564734,4.789340573397794e-31,10.259263213610854,exploratory_double
64,241,4228.577174511174,2,129,130,130,False,0.0005256456593415547,1.25874832833112e-07,16.959233353020203,0.9996505968873939,36.265386812815066,1.2430792620033465e-07,10.25926333791878,exploratory_double
65,243,4263.669101270603,1,131,131,131,False,6.5994395128716876e-24,1.567178959734779e-27,16.959233353020203,0.9996505968873939,36.265386812815066,1.5478310713429915e-27,10.25926333791878,exploratory_double
66,244,4281.215064650317,2,132,133,133,False,7.0383956178672005,0.0016644831884097856,16.960897836208613,0.9997487087287824,36.262057846438246,0.001644018231175239,10.260907356149955,exploratory_double
67,247,4333.8529547894605,4,134,137,137,False,3.3909291897775162,0.0007920483177255385,16.96168988452634,0.9997953954838438,36.26047374980279,0.0007824282976721919,10.261689784447627,exploratory_double
68,252,4421.582771688032,2,138,139,139,False,5.047068780624542e-26,1.1552145695267374e-29,16.96168988452634,0.9997953954838438,36.26047374980279,1.1414620151276095e-29,10.261689784447627,exploratory_double
69,259,4544.404515346034,4,140,143,143,False,0.04367542381846078,9.72344012116816e-06,16.961699607966462,0.9997959686254781,36.26045430292255,9.61081340161795e-06,10.26169939526103,exploratory_double
70,268,4702.318185763464,2,144,145,145,False,0.011969134503189248,2.5741844045606867e-06,16.961702182150866,0.9997961203590454,36.26044915455374,2.545368907494709e-06,10.261701940629937,exploratory_double
71,271,4754.956075902606,2,146,147,147,False,2.491758570828189,0.0005299000349172735,16.962232082185782,0.9998273549599952,36.25938935448391,0.0005240339828702188,10.262225974612807,exploratory_double
72,273,4790.048002662035,4,148,151,151,False,4.578674392151899e-24,9.664931435951915e-28,16.962232082185782,0.9998273549599952,36.25938935448391,9.5587233981942e-28,10.262225974612807,exploratory_double
73,277,4860.231856180893,2,152,153,153,False,0.5595565910432766,0.00011639015170492402,16.962348472337485,0.9998342154991599,36.2591565741805,0.00011512960854566491,10.262341104221353,exploratory_double
74,279,4895.3237829403215,2,154,155,155,False,3.404761741495997e-28,7.030730088353024e-32,16.962348472337485,0.9998342154991599,36.2591565741805,6.955130840091164e-32,10.262341104221353,exploratory_double
75,283,4965.50763645918,2,156,157,157,False,0.07962082758588446,1.620658224157563e-05,16.962364678919727,0.9998351707852435,36.25912416101602,1.6034781016399912e-05,10.262357139002368,exploratory_double
76,291,5105.875343496895,2,158,159,159,False,3.213265415450255e-27,6.358825297859533e-31,16.962364678919727,0.9998351707852435,36.25912416101602,6.2932703978816e-31,10.262357139002368,exploratory_double
77,292,5123.421306876609,2,160,161,161,False,0.001069609310801071,2.109357120776529e-07,16.96236488985544,0.9998351832187071,36.25912373914459,2.087685643508277e-07,10.262357347770934,exploratory_double
78,300,5263.789013914325,1,162,162,162,False,8.670609767137707e-24,1.6638569024757713e-27,16.96236488985544,0.9998351832187071,36.25912373914459,1.6472183334510135e-27,10.262357347770934,exploratory_double
79,301,5281.334977294039,4,163,166,166,False,5.674391604747109,0.001085240072270993,16.96345012992771,0.9998991519644299,36.25695325900005,0.0010744237260357338,10.26343177149697,exploratory_double
80,304,5333.972867433182,2,167,168,168,False,2.7568596653756936,0.0005220005315376164,16.96397213045925,0.9999299209344692,36.25590925793697,0.0005168492105027058,10.263948620707472,exploratory_double
81,307,5386.610757572325,2,169,170,170,False,0.00018995041257168798,3.561143209622213e-08,16.963972166070683,0.9999299230335611,36.255909186714106,3.526343764577044e-08,10.26394865597091,exploratory_double
82,309,5421.702684331754,2,171,172,172,False,3.450531194447898e-26,6.42668942676968e-30,16.963972166070683,0.9999299230335611,36.255909186714106,6.364294383791332e-30,10.26394865597091,exploratory_double
83,313,5491.886537850612,2,173,174,174,False,0.0022082036011040963,4.0597585146860036e-07,16.963972572046533,0.9999299469635344,36.255908374762406,4.020847091222559e-07,10.26394905805562,exploratory_double
84,316,5544.524427989755,2,175,176,176,False,0.03614585086478069,6.581682016855229e-06,16.96397915372855,0.9999303349163515,36.255895211398375,6.5191976939104e-06,10.263955577253313,exploratory_double
85,325,5702.438098407185,2,177,178,178,False,0.010980318327949013,1.9434878974800163e-06,16.963981097216447,0.9999304494739377,36.25589132442258,1.925548009195585e-06,10.263957502801322,exploratory_double
86,327,5737.530025166614,2,179,180,180,False,1.5638627831752575e-28,2.750910212595794e-32,16.963981097216447,0.9999304494739377,36.25589132442258,2.725672504223355e-32,10.263957502801322,exploratory_double
87,331,5807.713878685471,2,181,182,182,False,2.0247983399547596,0.00035182825456770426,16.964332925471016,0.9999511877536325,36.25518766791344,0.0003486394788465468,10.264306142280168,exploratory_double
88,333,5842.8058054449,2,183,184,184,False,5.28026242360699e-24,9.119359750602602e-28,16.964332925471016,0.9999511877536325,36.25518766791344,9.037203356453029e-28,10.264306142280168,exploratory_double
89,336,5895.443695584044,2,185,186,186,False,3.0788274587884454e-27,5.269433147888111e-31,16.964332925471016,0.9999511877536325,36.25518766791344,5.222384637639111e-31,10.264306142280168,exploratory_double
90,337,5912.989658963758,2,187,188,188,False,0.46391197798118666,7.916111460220953e-05,16.964412086585618,0.9999558538522594,36.255029345684235,7.845641625263496e-05,10.26438459869642,exploratory_double
91,343,6018.2654392420445,4,189,192,192,False,0.0677036452061727,1.1348956107116314e-05,16.964423435541725,0.9999565228088395,36.25500664777202,1.1249694100348532e-05,10.26439584839052,exploratory_double
92,349,6123.541219520331,2,193,194,194,False,0.0013488895743857961,2.2218926924064357e-07,16.964423657730993,0.9999565359056364,36.255006203393485,2.2027933282883288e-07,10.264396068669853,exploratory_double
93,351,6158.63314627976,2,195,196,196,False,1.698343523479917e-27,2.781436034972257e-31,16.964423657730993,0.9999565359056364,36.255006203393485,2.7576630774083916e-31,10.264396068669853,exploratory_double
94,361,6334.092780076904,2,197,198,198,False,0.0062000730309490935,9.87044106753193e-07,16.9644246447751,0.999956594086287,36.25500422930527,9.788415241485957e-07,10.264397047511377,exploratory_double
95,363,6369.184706836332,1,199,199,199,False,9.112050819632703e-24,1.4425683975848745e-27,16.9644246447751,0.999956594086287,36.25500422930527,1.430646344712272e-27,10.264397047511377,exploratory_double
96,364,6386.730670216047,4,200,203,203,True,4.664351915254993,0.0007363883159283881,16.96516103309103,1.0,36.253531452673414,0.0007303191814564508,10.265127366692834,exploratory_double
