i,x_inf,x_sup,theta_inf,theta_sup,mesh_size_upper,fem_order_upper,mesh_size_lower_cr,isLG,mesh_size_lower_LG,fem_order_lower_LG
1131,0.5367187500000001,0.5375000000000001,0.9389103945400936,0.93929991668634,0.002633,0.1249,0.015,1,0.08333333333,2
1136,0.53515625,0.5359375000000001,0.9400789609788328,0.9404684831250794,0.002633,0.1249,0.015,1,0.08333333333,2
1432,0.5398437500000002,0.5406250000000001,0.9369627838088616,0.937352305955108,0.002633,0.1249,0.015,1,0.08333333333,2
1434,0.5390625000000001,0.5398437500000002,0.9377418281013544,0.9381313502476007,0.002633,0.1249,0.015,1,0.08333333333,2
1435,0.5398437500000002,0.5406250000000001,0.937352305955108,0.9377418281013544,0.002633,0.1249,0.015,1,0.08333333333,2
1436,0.5398437500000002,0.5406250000000001,0.9377418281013544,0.9381313502476007,0.002633,0.1249,0.015,1,0.08333333333,2
2580,0.5648437500000001,0.565625,0.9213818979590048,0.9217714201052514,0.002633,0.1249,0.015,1,0.08333333333,2
2581,0.5640625,0.5648437500000001,0.9217714201052514,0.9221609422514978,0.002633,0.1249,0.015,1,0.08333333333,2
2592,0.56640625,0.5671875,0.920602853666512,0.9209923758127584,0.002633,0.1249,0.015,1,0.08333333333,2
2596,0.5679687499999999,0.56875,0.9198238093740192,0.9202133315202656,0.002633,0.1249,0.015,1,0.08333333333,2
2597,0.5671875,0.5679687499999999,0.9202133315202656,0.920602853666512,0.002633,0.1249,0.015,1,0.08333333333,2
2601,0.565625,0.56640625,0.9209923758127584,0.9213818979590048,0.002633,0.1249,0.015,1,0.08333333333,2
3430,0.59296875,0.59375,0.9081381449866268,0.9085276671328733,0.002633,0.1249,0.015,1,0.08333333333,2
3432,0.590625,0.5914062499999999,0.9089171892791196,0.909306711425366,0.002633,0.1249,0.015,1,0.08333333333,2
3434,0.5914062499999999,0.5921875,0.9089171892791196,0.909306711425366,0.002633,0.1249,0.015,1,0.08333333333,2
3435,0.590625,0.5914062499999999,0.909306711425366,0.9096962335716126,0.002633,0.1249,0.015,1,0.08333333333,2
3436,0.590625,0.5914062499999999,0.9096962335716126,0.9100857557178588,0.002633,0.1249,0.015,1,0.08333333333,2
3437,0.5914062499999999,0.5921875,0.909306711425366,0.9096962335716126,0.002633,0.1249,0.015,1,0.08333333333,2
3438,0.5914062499999999,0.5921875,0.9096962335716126,0.9100857557178588,0.002633,0.1249,0.015,1,0.08333333333,2
3439,0.5921875,0.59296875,0.9085276671328733,0.9089171892791196,0.002633,0.1249,0.015,1,0.08333333333,2
3440,0.5921875,0.59296875,0.9089171892791196,0.909306711425366,0.002633,0.1249,0.015,1,0.08333333333,2
3441,0.59296875,0.59375,0.9085276671328733,0.9089171892791196,0.002633,0.1249,0.015,1,0.08333333333,2
3547,0.596875,0.59765625,0.9077486228403804,0.9081381449866268,0.002633,0.1249,0.015,1,0.08333333333,2
4694,0.5523437500000001,0.5531250000000001,0.9283932965914404,0.9287828187376868,0.002633,0.1249,0.015,1,0.08333333333,2
4708,0.5546875,0.55546875,0.9268352080064548,0.9272247301527012,0.002633,0.1249,0.015,1,0.08333333333,2
4709,0.55546875,0.55625,0.9264456858602084,0.9268352080064548,0.002633,0.1249,0.015,1,0.08333333333,2
4710,0.55546875,0.55625,0.9268352080064548,0.9272247301527012,0.002633,0.1249,0.015,1,0.08333333333,2
4713,0.55390625,0.5546875,0.9272247301527012,0.9276142522989476,0.002633,0.1249,0.015,1,0.08333333333,2
4714,0.55390625,0.5546875,0.9276142522989476,0.928003774445194,0.002633,0.1249,0.015,1,0.08333333333,2
4715,0.5531250000000001,0.55390625,0.928003774445194,0.9283932965914404,0.002633,0.1249,0.015,1,0.08333333333,2
4716,0.5531250000000001,0.55390625,0.9283932965914404,0.9287828187376868,0.002633,0.1249,0.015,1,0.08333333333,2
4717,0.55390625,0.5546875,0.928003774445194,0.9283932965914404,0.002633,0.1249,0.015,1,0.08333333333,2
4719,0.5546875,0.55546875,0.9272247301527012,0.9276142522989476,0.002633,0.1249,0.015,1,0.08333333333,2
4792,0.55625,0.5570312500000001,0.926056163713962,0.9264456858602084,0.002633,0.1249,0.015,1,0.08333333333,2
4858,0.55078125,0.5515625000000001,0.9291723408839332,0.9295618630301796,0.002633,0.1249,0.015,1,0.08333333333,2
4859,0.55,0.55078125,0.9295618630301796,0.929951385176426,0.002633,0.1249,0.015,1,0.08333333333,2
4860,0.55,0.55078125,0.929951385176426,0.9303409073226724,0.002633,0.1249,0.015,1,0.08333333333,2
4861,0.55078125,0.5515625000000001,0.9295618630301796,0.929951385176426,0.002633,0.1249,0.015,1,0.08333333333,2
4863,0.5515625000000001,0.5523437500000001,0.9287828187376868,0.9291723408839332,0.002633,0.1249,0.015,1,0.08333333333,2
4864,0.5515625000000001,0.5523437500000001,0.9291723408839332,0.9295618630301796,0.002633,0.1249,0.015,1,0.08333333333,2
5128,0.5625,0.56328125,0.9244980751289762,0.9248875972752226,0.002633,0.1249,0.015,1,0.08333333333,2
5129,0.56328125,0.5640625,0.92410855298273,0.9244980751289762,0.002633,0.1249,0.015,1,0.08333333333,2
5130,0.56328125,0.5640625,0.9244980751289762,0.9248875972752226,0.002633,0.1249,0.015,1,0.08333333333,2
5131,0.5625,0.56328125,0.9248875972752226,0.9252771194214692,0.002633,0.1249,0.015,1,0.08333333333,2
5135,0.5640625,0.5648437500000001,0.92410855298273,0.9244980751289762,0.002633,0.1249,0.015,1,0.08333333333,2
6405,0.5101562499999999,0.5109374999999999,0.9595550682911538,0.9599445904374002,0.002633,0.1249,0.015,1,0.08333333333,2
6407,0.5109374999999999,0.51171875,0.9587760239986608,0.9591655461449072,0.002633,0.1249,0.015,1,0.08333333333,2
6408,0.51171875,0.5125,0.9583865018524144,0.9587760239986608,0.002633,0.1249,0.015,1,0.08333333333,2
6410,0.5109374999999999,0.51171875,0.9591655461449072,0.9595550682911538,0.002633,0.1249,0.015,1,0.08333333333,2
6541,0.5179687500000001,0.51875,0.953322713951211,0.9537122360974576,0.002633,0.1249,0.015,1,0.08333333333,2
6589,0.52421875,0.525,0.948648448196254,0.9490379703425004,0.002633,0.1249,0.015,1,0.08333333333,2
6693,0.5132812499999999,0.5140625,0.9564388911211824,0.9568284132674288,0.002633,0.1249,0.015,1,0.08333333333,2
6696,0.51484375,0.515625,0.9552703246824432,0.9556598468286897,0.002633,0.1249,0.015,1,0.08333333333,2
6697,0.51484375,0.515625,0.9556598468286897,0.956049368974936,0.002633,0.1249,0.015,1,0.08333333333,2
6698,0.5140625,0.51484375,0.956049368974936,0.9564388911211824,0.002633,0.1249,0.015,1,0.08333333333,2
6699,0.5140625,0.51484375,0.9564388911211824,0.9568284132674288,0.002633,0.1249,0.015,1,0.08333333333,2
6700,0.51484375,0.515625,0.956049368974936,0.9564388911211824,0.002633,0.1249,0.015,1,0.08333333333,2
6705,0.51640625,0.5171875,0.954101758243704,0.9544912803899503,0.002633,0.1249,0.015,1,0.08333333333,2
6706,0.515625,0.51640625,0.9544912803899503,0.9548808025361968,0.002633,0.1249,0.015,1,0.08333333333,2
6707,0.515625,0.51640625,0.9548808025361968,0.9552703246824432,0.002633,0.1249,0.015,1,0.08333333333,2
6708,0.51640625,0.5171875,0.9544912803899503,0.9548808025361968,0.002633,0.1249,0.015,1,0.08333333333,2
6710,0.5171875,0.5179687500000001,0.9537122360974576,0.954101758243704,0.002633,0.1249,0.015,1,0.08333333333,2
6711,0.5171875,0.5179687500000001,0.954101758243704,0.9544912803899503,0.002633,0.1249,0.015,1,0.08333333333,2
6718,0.515625,0.51640625,0.9552703246824432,0.9556598468286897,0.002633,0.1249,0.015,1,0.08333333333,2
7072,0.50625,0.50703125,0.962671245461125,0.9630607676073716,0.002633,0.1249,0.015,1,0.08333333333,2
7580,0.525,0.5257812500000001,0.9490379703425004,0.9494274924887468,0.002633,0.1249,0.015,1,0.08333333333,2
7581,0.525,0.5257812500000001,0.9494274924887468,0.9498170146349934,0.002633,0.1249,0.015,1,0.08333333333,2
7582,0.5257812500000001,0.5265625,0.9490379703425004,0.9494274924887468,0.002633,0.1249,0.015,1,0.08333333333,2
8790,0.6078125,0.60859375,0.9050219678166556,0.905411489962902,0.002633,0.1249,0.015,1,0.08333333333,2
8792,0.60859375,0.609375,0.9050219678166556,0.905411489962902,0.002633,0.1249,0.015,1,0.08333333333,2
8793,0.60625,0.6070312499999999,0.905411489962902,0.9058010121091482,0.002633,0.1249,0.015,1,0.08333333333,2
8794,0.60625,0.6070312499999999,0.9058010121091482,0.9061905342553946,0.002633,0.1249,0.015,1,0.08333333333,2
8795,0.6070312499999999,0.6078125,0.905411489962902,0.9058010121091482,0.002633,0.1249,0.015,1,0.08333333333,2
8796,0.6070312499999999,0.6078125,0.9058010121091482,0.9061905342553946,0.002633,0.1249,0.015,1,0.08333333333,2
8801,0.6078125,0.60859375,0.905411489962902,0.9058010121091482,0.002633,0.1249,0.015,1,0.08333333333,2
8803,0.60859375,0.609375,0.905411489962902,0.9058010121091482,0.002633,0.1249,0.015,1,0.08333333333,2
8814,0.609375,0.61015625,0.9050219678166556,0.905411489962902,0.002633,0.1249,0.015,1,0.08333333333,2
8816,0.61015625,0.6109375,0.9050219678166556,0.905411489962902,0.002633,0.1249,0.015,1,0.08333333333,2
8822,0.6109375,0.6117187500000001,0.9050219678166556,0.905411489962902,0.002633,0.1249,0.015,1,0.08333333333,2
8823,0.6117187500000001,0.6125,0.9046324456704092,0.9050219678166556,0.002633,0.1249,0.015,1,0.08333333333,2
8824,0.6117187500000001,0.6125,0.9050219678166556,0.905411489962902,0.002633,0.1249,0.015,1,0.08333333333,2
8825,0.609375,0.61015625,0.905411489962902,0.9058010121091482,0.002633,0.1249,0.015,1,0.08333333333,2
8827,0.61015625,0.6109375,0.905411489962902,0.9058010121091482,0.002633,0.1249,0.015,1,0.08333333333,2
8833,0.6109375,0.6117187500000001,0.905411489962902,0.9058010121091482,0.002633,0.1249,0.015,1,0.08333333333,2
9092,0.6125,0.61328125,0.9042429235241628,0.9046324456704092,0.002633,0.1249,0.015,1,0.08333333333,2
9094,0.61328125,0.6140625000000001,0.9042429235241628,0.9046324456704092,0.002633,0.1249,0.015,1,0.08333333333,2
9095,0.6125,0.61328125,0.9046324456704092,0.9050219678166556,0.002633,0.1249,0.015,1,0.08333333333,2
9096,0.6125,0.61328125,0.9050219678166556,0.905411489962902,0.002633,0.1249,0.015,1,0.08333333333,2
9097,0.61328125,0.6140625000000001,0.9046324456704092,0.9050219678166556,0.002633,0.1249,0.015,1,0.08333333333,2
9098,0.61328125,0.6140625000000001,0.9050219678166556,0.905411489962902,0.002633,0.1249,0.015,1,0.08333333333,2
9100,0.6140625000000001,0.6148437500000001,0.9042429235241628,0.9046324456704092,0.002633,0.1249,0.015,1,0.08333333333,2
9102,0.6148437500000001,0.6156250000000001,0.9042429235241628,0.9046324456704092,0.002633,0.1249,0.015,1,0.08333333333,2
9103,0.6140625000000001,0.6148437500000001,0.9046324456704092,0.9050219678166556,0.002633,0.1249,0.015,1,0.08333333333,2
9104,0.6140625000000001,0.6148437500000001,0.9050219678166556,0.905411489962902,0.002633,0.1249,0.015,1,0.08333333333,2
9105,0.6148437500000001,0.6156250000000001,0.9046324456704092,0.9050219678166556,0.002633,0.1249,0.015,1,0.08333333333,2
9106,0.6148437500000001,0.6156250000000001,0.9050219678166556,0.905411489962902,0.002633,0.1249,0.015,1,0.08333333333,2
9107,0.6125,0.61328125,0.905411489962902,0.9058010121091482,0.002633,0.1249,0.015,1,0.08333333333,2
9108,0.6125,0.61328125,0.9058010121091482,0.9061905342553946,0.002633,0.1249,0.015,1,0.08333333333,2
9109,0.61328125,0.6140625000000001,0.905411489962902,0.9058010121091482,0.002633,0.1249,0.015,1,0.08333333333,2
9110,0.61328125,0.6140625000000001,0.9058010121091482,0.9061905342553946,0.002633,0.1249,0.015,1,0.08333333333,2
9111,0.6125,0.61328125,0.9061905342553946,0.9065800564016412,0.002633,0.1249,0.015,1,0.08333333333,2
9112,0.6125,0.61328125,0.9065800564016412,0.9069695785478876,0.002633,0.1249,0.015,1,0.08333333333,2
9113,0.61328125,0.6140625000000001,0.9061905342553946,0.9065800564016412,0.002633,0.1249,0.015,1,0.08333333333,2
9114,0.61328125,0.6140625000000001,0.9065800564016412,0.9069695785478876,0.002633,0.1249,0.015,1,0.08333333333,2
9115,0.6140625000000001,0.6148437500000001,0.905411489962902,0.9058010121091482,0.002633,0.1249,0.015,1,0.08333333333,2
9116,0.6140625000000001,0.6148437500000001,0.9058010121091482,0.9061905342553946,0.002633,0.1249,0.015,1,0.08333333333,2
9117,0.6148437500000001,0.6156250000000001,0.905411489962902,0.9058010121091482,0.002633,0.1249,0.015,1,0.08333333333,2
9118,0.6148437500000001,0.6156250000000001,0.9058010121091482,0.9061905342553946,0.002633,0.1249,0.015,1,0.08333333333,2
9119,0.6140625000000001,0.6148437500000001,0.9061905342553946,0.9065800564016412,0.002633,0.1249,0.015,1,0.08333333333,2
9120,0.6140625000000001,0.6148437500000001,0.9065800564016412,0.9069695785478876,0.002633,0.1249,0.015,1,0.08333333333,2
9121,0.6148437500000001,0.6156250000000001,0.9061905342553946,0.9065800564016412,0.002633,0.1249,0.015,1,0.08333333333,2
9122,0.6148437500000001,0.6156250000000001,0.9065800564016412,0.9069695785478876,0.002633,0.1249,0.015,1,0.08333333333,2
9124,0.6156250000000001,0.61640625,0.9042429235241628,0.9046324456704092,0.002633,0.1249,0.015,1,0.08333333333,2
9126,0.61640625,0.6171875,0.9042429235241628,0.9046324456704092,0.002633,0.1249,0.015,1,0.08333333333,2
9127,0.6156250000000001,0.61640625,0.9046324456704092,0.9050219678166556,0.002633,0.1249,0.015,1,0.08333333333,2
9128,0.6156250000000001,0.61640625,0.9050219678166556,0.905411489962902,0.002633,0.1249,0.015,1,0.08333333333,2
9129,0.61640625,0.6171875,0.9046324456704092,0.9050219678166556,0.002633,0.1249,0.015,1,0.08333333333,2
9130,0.61640625,0.6171875,0.9050219678166556,0.905411489962902,0.002633,0.1249,0.015,1,0.08333333333,2
9131,0.6171875,0.61796875,0.9038534013779164,0.9042429235241628,0.002633,0.1249,0.015,1,0.08333333333,2
9132,0.6171875,0.61796875,0.9042429235241628,0.9046324456704092,0.002633,0.1249,0.015,1,0.08333333333,2
9133,0.61796875,0.61875,0.9038534013779164,0.9042429235241628,0.002633,0.1249,0.015,1,0.08333333333,2
9134,0.61796875,0.61875,0.9042429235241628,0.9046324456704092,0.002633,0.1249,0.015,1,0.08333333333,2
9135,0.6171875,0.61796875,0.9046324456704092,0.9050219678166556,0.002633,0.1249,0.015,1,0.08333333333,2
9136,0.6171875,0.61796875,0.9050219678166556,0.905411489962902,0.002633,0.1249,0.015,1,0.08333333333,2
9137,0.61796875,0.61875,0.9046324456704092,0.9050219678166556,0.002633,0.1249,0.015,1,0.08333333333,2
9138,0.6156250000000001,0.61640625,0.905411489962902,0.9058010121091482,0.002633,0.1249,0.015,1,0.08333333333,2
9139,0.6156250000000001,0.61640625,0.9058010121091482,0.9061905342553946,0.002633,0.1249,0.015,1,0.08333333333,2
9140,0.61640625,0.6171875,0.905411489962902,0.9058010121091482,0.002633,0.1249,0.015,1,0.08333333333,2
9141,0.61640625,0.6171875,0.9058010121091482,0.9061905342553946,0.002633,0.1249,0.015,1,0.08333333333,2
9142,0.6156250000000001,0.61640625,0.9061905342553946,0.9065800564016412,0.002633,0.1249,0.015,1,0.08333333333,2
9143,0.6156250000000001,0.61640625,0.9065800564016412,0.9069695785478876,0.002633,0.1249,0.015,1,0.08333333333,2
9144,0.61640625,0.6171875,0.9061905342553946,0.9065800564016412,0.002633,0.1249,0.015,1,0.08333333333,2
9145,0.61640625,0.6171875,0.9065800564016412,0.9069695785478876,0.002633,0.1249,0.015,1,0.08333333333,2
9146,0.6171875,0.61796875,0.905411489962902,0.9058010121091482,0.002633,0.1249,0.015,1,0.08333333333,2
9147,0.6125,0.61328125,0.9069695785478876,0.907359100694134,0.002633,0.1249,0.015,1,0.08333333333,2
9148,0.6125,0.61328125,0.907359100694134,0.9077486228403804,0.002633,0.1249,0.015,1,0.08333333333,2
9149,0.61328125,0.6140625000000001,0.9069695785478876,0.907359100694134,0.002633,0.1249,0.015,1,0.08333333333,2
9150,0.61328125,0.6140625000000001,0.907359100694134,0.9077486228403804,0.002633,0.1249,0.015,1,0.08333333333,2
9151,0.6125,0.61328125,0.9077486228403804,0.9081381449866268,0.002633,0.1249,0.015,1,0.08333333333,2
9152,0.6125,0.61328125,0.9081381449866268,0.9085276671328733,0.002633,0.1249,0.015,1,0.08333333333,2
9153,0.61328125,0.6140625000000001,0.9077486228403804,0.9081381449866268,0.002633,0.1249,0.015,1,0.08333333333,2
9154,0.61328125,0.6140625000000001,0.9081381449866268,0.9085276671328733,0.002633,0.1249,0.015,1,0.08333333333,2
9155,0.6140625000000001,0.6148437500000001,0.9069695785478876,0.907359100694134,0.002633,0.1249,0.015,1,0.08333333333,2
9156,0.6140625000000001,0.6148437500000001,0.907359100694134,0.9077486228403804,0.002633,0.1249,0.015,1,0.08333333333,2
9157,0.6148437500000001,0.6156250000000001,0.9069695785478876,0.907359100694134,0.002633,0.1249,0.015,1,0.08333333333,2
9158,0.6148437500000001,0.6156250000000001,0.907359100694134,0.9077486228403804,0.002633,0.1249,0.015,1,0.08333333333,2
9159,0.6140625000000001,0.6148437500000001,0.9077486228403804,0.9081381449866268,0.002633,0.1249,0.015,1,0.08333333333,2
9160,0.6140625000000001,0.6148437500000001,0.9081381449866268,0.9085276671328733,0.002633,0.1249,0.015,1,0.08333333333,2
9161,0.6148437500000001,0.6156250000000001,0.9077486228403804,0.9081381449866268,0.002633,0.1249,0.015,1,0.08333333333,2
9162,0.6148437500000001,0.6156250000000001,0.9081381449866268,0.9085276671328733,0.002633,0.1249,0.015,1,0.08333333333,2
9163,0.6125,0.61328125,0.9085276671328733,0.9089171892791196,0.002633,0.1249,0.015,1,0.08333333333,2
9164,0.6125,0.61328125,0.9089171892791196,0.909306711425366,0.002633,0.1249,0.015,1,0.08333333333,2
9165,0.61328125,0.6140625000000001,0.9085276671328733,0.9089171892791196,0.002633,0.1249,0.015,1,0.08333333333,2
9166,0.61328125,0.6140625000000001,0.9089171892791196,0.909306711425366,0.002633,0.1249,0.015,1,0.08333333333,2
9167,0.6125,0.61328125,0.909306711425366,0.9096962335716126,0.002633,0.1249,0.015,1,0.08333333333,2
9169,0.61328125,0.6140625000000001,0.909306711425366,0.9096962335716126,0.002633,0.1249,0.015,1,0.08333333333,2
9171,0.6140625000000001,0.6148437500000001,0.9085276671328733,0.9089171892791196,0.002633,0.1249,0.015,1,0.08333333333,2
9172,0.6140625000000001,0.6148437500000001,0.9089171892791196,0.909306711425366,0.002633,0.1249,0.015,1,0.08333333333,2
9173,0.6148437500000001,0.6156250000000001,0.9085276671328733,0.9089171892791196,0.002633,0.1249,0.015,1,0.08333333333,2
9174,0.6140625000000001,0.6148437500000001,0.909306711425366,0.9096962335716126,0.002633,0.1249,0.015,1,0.08333333333,2
9175,0.6156250000000001,0.61640625,0.9069695785478876,0.907359100694134,0.002633,0.1249,0.015,1,0.08333333333,2
9176,0.6156250000000001,0.61640625,0.907359100694134,0.9077486228403804,0.002633,0.1249,0.015,1,0.08333333333,2
9177,0.6,0.60078125,0.9100857557178588,0.9104752778641052,0.002633,0.1249,0.015,1,0.08333333333,2
9178,0.6,0.60078125,0.9104752778641052,0.9108648000103516,0.002633,0.1249,0.015,1,0.08333333333,2
9179,0.60078125,0.6015625,0.9100857557178588,0.9104752778641052,0.002633,0.1249,0.015,1,0.08333333333,2
9185,0.6015625,0.60234375,0.9100857557178588,0.9104752778641052,0.002633,0.1249,0.015,1,0.08333333333,2
9595,0.5921875,0.59296875,0.8968420027454806,0.8976210470379735,0.002633,0.1249,0.015,1,0.08333333333,3
9597,0.546875,0.54765625,0.9202133315202656,0.9209923758127584,0.002633,0.1249,0.015,1,0.08333333333,3
9600,0.5218750000000001,0.52265625,0.9381313502476007,0.9389103945400936,0.002633,0.1249,0.015,1,0.08333333333,3
9601,0.5171875,0.5179687500000001,0.9420265717100652,0.942805616002558,0.002633,0.1249,0.015,1,0.08333333333,3
9603,0.5125,0.5132812499999999,0.9459217931725292,0.946700837465022,0.002633,0.1249,0.015,1,0.08333333333,3
9607,0.528125,0.5289062499999999,0.933457084492644,0.9342361287851366,0.002633,0.1249,0.015,1,0.08333333333,3
9609,0.53125,0.53203125,0.9311199516151654,0.9318989959076582,0.002633,0.1249,0.015,1,0.08333333333,3
9610,0.534375,0.53515625,0.9287828187376868,0.9295618630301796,0.002633,0.1249,0.015,1,0.08333333333,3
9611,0.5421875,0.54296875,0.9233295086902372,0.92410855298273,0.002633,0.1249,0.015,1,0.08333333333,3
9613,0.5375000000000001,0.53828125,0.9264456858602084,0.9272247301527012,0.002633,0.1249,0.015,1,0.08333333333,3
9614,0.525,0.5257812500000001,0.9357942173701224,0.9365732616626152,0.002633,0.1249,0.015,1,0.08333333333,3
9619,0.559375,0.5601562499999999,0.9124228885953374,0.9132019328878302,0.002633,0.1249,0.015,1,0.08333333333,3
9621,0.5578125,0.55859375,0.9132019328878302,0.9139809771803232,0.002633,0.1249,0.015,1,0.08333333333,3
9622,0.5515625000000001,0.5523437500000001,0.9170971543502944,0.9178761986427872,0.002633,0.1249,0.015,1,0.08333333333,3
9624,0.5843749999999999,0.5851562499999998,0.8999581799154521,0.9007372242079448,0.002633,0.1249,0.015,1,0.08333333333,3
9625,0.5859374999999999,0.58671875,0.8991791356229593,0.8999581799154521,0.002633,0.1249,0.015,1,0.08333333333,3
9626,0.590625,0.5914062499999999,0.8976210470379735,0.8984000913304664,0.002633,0.1249,0.015,1,0.08333333333,3
9627,0.5046875,0.5054687499999999,0.9529331918049646,0.9537122360974576,0.002633,0.1249,0.015,1,0.08333333333,3
9628,0.5109374999999999,0.51171875,0.9474798817575149,0.9482589260500076,0.002633,0.1249,0.015,1,0.08333333333,3
9629,0.5093749999999999,0.5101562499999999,0.9490379703425004,0.9498170146349934,0.002633,0.1249,0.015,1,0.08333333333,3
9630,0.5078125,0.50859375,0.9505960589274862,0.9513751032199792,0.002633,0.1249,0.015,1,0.08333333333,3
9631,0.50625,0.50703125,0.9521541475124718,0.9529331918049646,0.002633,0.1249,0.015,1,0.08333333333,3
9632,0.5015625,0.5023437500000001,0.956049368974936,0.9568284132674288,0.002633,0.1249,0.015,1,0.08333333333,3
9633,0.503125,0.50390625,0.9544912803899503,0.9552703246824432,0.002633,0.1249,0.015,1,0.08333333333,3
9634,0.5,0.50078125,0.9568284132674288,0.9576074575599216,0.002633,0.1249,0.015,1,0.08333333333,3
9635,0.6031249999999999,0.6039062499999999,0.8937258255755094,0.8945048698680022,0.002633,0.1249,0.015,1,0.08333333333,3
9636,0.6,0.60078125,0.8945048698680022,0.8952839141604949,0.002633,0.1249,0.015,1,0.08333333333,3
9637,0.60625,0.6070312499999999,0.8929467812830165,0.8937258255755094,0.002633,0.1249,0.015,1,0.08333333333,3
9638,0.6156250000000001,0.61640625,0.8913886926980308,0.8921677369905237,0.002633,0.1249,0.015,1,0.08333333333,3
10830,0.5734374999999999,0.575,0.8890515598205524,0.8898306041130452,0.002633,0.1249,0.015,1,0.08333333333,2
10831,0.5718749999999999,0.5734374999999999,0.8898306041130452,0.8906096484055379,0.002633,0.1249,0.015,1,0.08333333333,2
10846,0.5671875,0.56875,0.8921677369905237,0.8929467812830165,0.002633,0.1249,0.015,1,0.08333333333,2
10852,0.5625,0.5640625,0.8952839141604949,0.8960629584529878,0.002633,0.1249,0.015,1,0.08333333333,2
10853,0.5640625,0.565625,0.8945048698680022,0.8952839141604949,0.002633,0.1249,0.015,1,0.08333333333,2
10867,0.56875,0.5703125,0.8913886926980308,0.8921677369905237,0.002633,0.1249,0.015,1,0.08333333333,2
11126,0.5953125,0.596875,0.8797030283106384,0.8804820726031312,0.002633,0.1249,0.015,1,0.08333333333,2
11398,0.59375,0.5953125,0.8960629584529878,0.8968420027454806,0.002633,0.1249,0.015,1,0.08333333333,3
11400,0.596875,0.5984375,0.8952839141604949,0.8960629584529878,0.002633,0.1249,0.015,1,0.08333333333,3
11741,0.5234375,0.525,0.9217714201052514,0.9225504643977442,0.002633,0.1249,0.015,1,0.08333333333,2
11965,0.5421875,0.5437500000000001,0.909306711425366,0.9100857557178588,0.002633,0.1249,0.015,1,0.08333333333,2
11979,0.546875,0.5484375,0.9061905342553946,0.9069695785478876,0.002633,0.1249,0.015,1,0.08333333333,2
11980,0.5484375,0.55,0.905411489962902,0.9061905342553946,0.002633,0.1249,0.015,1,0.08333333333,2
11985,0.5453125000000001,0.546875,0.9077486228403804,0.9085276671328733,0.002633,0.1249,0.015,1,0.08333333333,2
11986,0.5437500000000001,0.5453125000000001,0.9085276671328733,0.909306711425366,0.002633,0.1249,0.015,1,0.08333333333,2
12043,0.534375,0.5359375000000001,0.9124228885953374,0.9132019328878302,0.002633,0.1249,0.015,1,0.08333333333,2
12044,0.5359375000000001,0.5375000000000001,0.9116438443028444,0.9124228885953374,0.002633,0.1249,0.015,1,0.08333333333,2
12049,0.5328125,0.534375,0.9139809771803232,0.914760021472816,0.002633,0.1249,0.015,1,0.08333333333,2
12050,0.53125,0.5328125,0.914760021472816,0.9155390657653086,0.002633,0.1249,0.015,1,0.08333333333,2
12126,0.5375000000000001,0.5390625000000001,0.9100857557178588,0.9108648000103516,0.002633,0.1249,0.015,1,0.08333333333,2
12127,0.5375000000000001,0.5390625000000001,0.9108648000103516,0.9116438443028444,0.002633,0.1249,0.015,1,0.08333333333,2
12237,0.5484375,0.55,0.91865524293528,0.9194342872277728,0.002633,0.1249,0.015,1,0.08333333333,3
12243,0.5437500000000001,0.5453125000000001,0.9217714201052514,0.9225504643977442,0.002633,0.1249,0.015,1,0.08333333333,3
12528,0.5046875,0.50625,0.9389103945400936,0.9396894388325864,0.002633,0.1249,0.015,1,0.08333333333,2
12529,0.503125,0.5046875,0.9396894388325864,0.9404684831250794,0.002633,0.1249,0.015,1,0.08333333333,2
12530,0.503125,0.5046875,0.9404684831250794,0.9412475274175722,0.002633,0.1249,0.015,1,0.08333333333,2
12536,0.5078125,0.5093749999999999,0.9357942173701224,0.9365732616626152,0.002633,0.1249,0.015,1,0.08333333333,2
12538,0.50625,0.5078125,0.937352305955108,0.9381313502476007,0.002633,0.1249,0.015,1,0.08333333333,2
12541,0.5093749999999999,0.5109374999999999,0.9350151730776296,0.9357942173701224,0.002633,0.1249,0.015,1,0.08333333333,2
12567,0.5015625,0.503125,0.9412475274175722,0.9420265717100652,0.002633,0.1249,0.015,1,0.08333333333,2
12628,0.5109374999999999,0.5125,0.946700837465022,0.9474798817575149,0.002633,0.1249,0.015,1,0.08333333333,3
12678,0.5203125000000001,0.5218750000000001,0.9389103945400936,0.9396894388325864,0.002633,0.1249,0.015,1,0.08333333333,3
12691,0.515625,0.5171875,0.942805616002558,0.9435846602950506,0.002633,0.1249,0.015,1,0.08333333333,3
12693,0.5125,0.5140625,0.9451427488800364,0.9459217931725292,0.002633,0.1249,0.015,1,0.08333333333,3
12784,0.53125,0.5328125,0.9303409073226724,0.9311199516151654,0.002633,0.1249,0.015,1,0.08333333333,3
12792,0.5390625000000001,0.5406250000000001,0.9248875972752226,0.9256666415677156,0.002633,0.1249,0.015,1,0.08333333333,3
12833,0.5578125,0.559375,0.8984000913304664,0.8991791356229593,0.002633,0.1249,0.015,1,0.08333333333,2
13013,0.5640625,0.565625,0.909306711425366,0.9100857557178588,0.002633,0.1249,0.015,1,0.08333333333,3
13017,0.5671875,0.56875,0.9077486228403804,0.9085276671328733,0.002633,0.1249,0.015,1,0.08333333333,3
13018,0.565625,0.5671875,0.9085276671328733,0.909306711425366,0.002633,0.1249,0.015,1,0.08333333333,3
13058,0.5531250000000001,0.5546875,0.9155390657653086,0.9163181100578016,0.002633,0.1249,0.015,1,0.08333333333,3
13059,0.5546875,0.55625,0.914760021472816,0.9155390657653086,0.002633,0.1249,0.015,1,0.08333333333,3
13077,0.5625,0.5640625,0.9100857557178588,0.9108648000103516,0.002633,0.1249,0.015,1,0.08333333333,3
13101,0.5765625,0.578125,0.9030743570854234,0.9038534013779164,0.002633,0.1249,0.015,1,0.08333333333,3
13105,0.5796874999999999,0.5812499999999999,0.9015162685004376,0.9022953127929304,0.002633,0.1249,0.015,1,0.08333333333,3
13106,0.578125,0.5796874999999999,0.9022953127929304,0.9030743570854234,0.002633,0.1249,0.015,1,0.08333333333,3
13120,0.5812499999999999,0.5828125,0.9007372242079448,0.9015162685004376,0.002633,0.1249,0.015,1,0.08333333333,3
13121,0.575,0.5765625,0.9038534013779164,0.9046324456704092,0.002633,0.1249,0.015,1,0.08333333333,3
13123,0.5874999999999999,0.5890624999999999,0.8984000913304664,0.8991791356229593,0.002633,0.1249,0.015,1,0.08333333333,3
13155,0.5046875,0.50625,0.9521541475124718,0.9529331918049646,0.002633,0.1249,0.015,1,0.08333333333,3
13163,0.5078125,0.5093749999999999,0.9498170146349934,0.9505960589274862,0.002633,0.1249,0.015,1,0.08333333333,3
13165,0.5093749999999999,0.5109374999999999,0.9482589260500076,0.9490379703425004,0.002633,0.1249,0.015,1,0.08333333333,3
13166,0.50625,0.5078125,0.9505960589274862,0.9513751032199792,0.002633,0.1249,0.015,1,0.08333333333,3
13167,0.50625,0.5078125,0.9513751032199792,0.9521541475124718,0.002633,0.1249,0.015,1,0.08333333333,3
13173,0.5,0.5015625,0.956049368974936,0.9568284132674288,0.002633,0.1249,0.015,1,0.08333333333,3
13174,0.5015625,0.503125,0.9552703246824432,0.956049368974936,0.002633,0.1249,0.015,1,0.08333333333,3
13175,0.503125,0.5046875,0.9537122360974576,0.9544912803899503,0.002633,0.1249,0.015,1,0.08333333333,3
14324,0.6140625000000001,0.6156250000000001,0.8719125853857099,0.8726916296782028,0.002633,0.1249,0.015,1,0.08333333333,2
14689,0.625,0.6265625,0.8680173639232458,0.8687964082157387,0.002633,0.1249,0.015,1,0.08333333333,2
14691,0.6265625,0.628125,0.8680173639232458,0.8687964082157387,0.002633,0.1249,0.015,1,0.08333333333,2
14694,0.628125,0.6296875,0.8672383196307529,0.8680173639232458,0.002633,0.1249,0.015,1,0.08333333333,2
14696,0.6296875,0.63125,0.8672383196307529,0.8680173639232458,0.002633,0.1249,0.015,1,0.08333333333,2
14718,0.63125,0.6328125,0.8672383196307529,0.8680173639232458,0.002633,0.1249,0.015,1,0.08333333333,2
14719,0.6328125,0.6343749999999999,0.8664592753382601,0.8672383196307529,0.002633,0.1249,0.015,1,0.08333333333,2
14720,0.6328125,0.6343749999999999,0.8672383196307529,0.8680173639232458,0.002633,0.1249,0.015,1,0.08333333333,2
14721,0.63125,0.6328125,0.8680173639232458,0.8687964082157387,0.002633,0.1249,0.015,1,0.08333333333,2
14722,0.63125,0.6328125,0.8687964082157387,0.8695754525082314,0.002633,0.1249,0.015,1,0.08333333333,2
14723,0.6328125,0.6343749999999999,0.8680173639232458,0.8687964082157387,0.002633,0.1249,0.015,1,0.08333333333,2
14724,0.6328125,0.6343749999999999,0.8687964082157387,0.8695754525082314,0.002633,0.1249,0.015,1,0.08333333333,2
14725,0.6343749999999999,0.6359374999999999,0.8664592753382601,0.8672383196307529,0.002633,0.1249,0.015,1,0.08333333333,2
14726,0.6343749999999999,0.6359374999999999,0.8672383196307529,0.8680173639232458,0.002633,0.1249,0.015,1,0.08333333333,2
14727,0.6359374999999999,0.6375,0.8664592753382601,0.8672383196307529,0.002633,0.1249,0.015,1,0.08333333333,2
14813,0.6375,0.6390625,0.8672383196307529,0.8680173639232458,0.002633,0.1249,0.015,1,0.08333333333,2
14815,0.6390625,0.640625,0.8672383196307529,0.8680173639232458,0.002633,0.1249,0.015,1,0.08333333333,2
14816,0.6375,0.6390625,0.8680173639232458,0.8687964082157387,0.002633,0.1249,0.015,1,0.08333333333,2
14817,0.6375,0.6390625,0.8687964082157387,0.8695754525082314,0.002633,0.1249,0.015,1,0.08333333333,2
14818,0.6390625,0.640625,0.8680173639232458,0.8687964082157387,0.002633,0.1249,0.015,1,0.08333333333,2
14819,0.6390625,0.640625,0.8687964082157387,0.8695754525082314,0.002633,0.1249,0.015,1,0.08333333333,2
14821,0.640625,0.6421874999999999,0.8672383196307529,0.8680173639232458,0.002633,0.1249,0.015,1,0.08333333333,2
14823,0.6421874999999999,0.6437499999999999,0.8672383196307529,0.8680173639232458,0.002633,0.1249,0.015,1,0.08333333333,2
14824,0.640625,0.6421874999999999,0.8680173639232458,0.8687964082157387,0.002633,0.1249,0.015,1,0.08333333333,2
14825,0.640625,0.6421874999999999,0.8687964082157387,0.8695754525082314,0.002633,0.1249,0.015,1,0.08333333333,2
14826,0.6421874999999999,0.6437499999999999,0.8680173639232458,0.8687964082157387,0.002633,0.1249,0.015,1,0.08333333333,2
14827,0.6421874999999999,0.6437499999999999,0.8687964082157387,0.8695754525082314,0.002633,0.1249,0.015,1,0.08333333333,2
14828,0.6375,0.6390625,0.8695754525082314,0.8703544968007242,0.002633,0.1249,0.015,1,0.08333333333,2
14829,0.6375,0.6390625,0.8703544968007242,0.8711335410932171,0.002633,0.1249,0.015,1,0.08333333333,2
14830,0.6390625,0.640625,0.8695754525082314,0.8703544968007242,0.002633,0.1249,0.015,1,0.08333333333,2
14831,0.6390625,0.640625,0.8703544968007242,0.8711335410932171,0.002633,0.1249,0.015,1,0.08333333333,2
14836,0.640625,0.6421874999999999,0.8695754525082314,0.8703544968007242,0.002633,0.1249,0.015,1,0.08333333333,2
14837,0.640625,0.6421874999999999,0.8703544968007242,0.8711335410932171,0.002633,0.1249,0.015,1,0.08333333333,2
14838,0.6421874999999999,0.6437499999999999,0.8695754525082314,0.8703544968007242,0.002633,0.1249,0.015,1,0.08333333333,2
14839,0.6421874999999999,0.6437499999999999,0.8703544968007242,0.8711335410932171,0.002633,0.1249,0.015,1,0.08333333333,2
14842,0.6421874999999999,0.6437499999999999,0.8711335410932171,0.8719125853857099,0.002633,0.1249,0.015,1,0.08333333333,2
14845,0.6437499999999999,0.6453125,0.8672383196307529,0.8680173639232458,0.002633,0.1249,0.015,1,0.08333333333,2
14847,0.6453125,0.6468749999999999,0.8672383196307529,0.8680173639232458,0.002633,0.1249,0.015,1,0.08333333333,2
14848,0.6437499999999999,0.6453125,0.8680173639232458,0.8687964082157387,0.002633,0.1249,0.015,1,0.08333333333,2
14849,0.6437499999999999,0.6453125,0.8687964082157387,0.8695754525082314,0.002633,0.1249,0.015,1,0.08333333333,2
14850,0.6453125,0.6468749999999999,0.8680173639232458,0.8687964082157387,0.002633,0.1249,0.015,1,0.08333333333,2
14851,0.6453125,0.6468749999999999,0.8687964082157387,0.8695754525082314,0.002633,0.1249,0.015,1,0.08333333333,2
14853,0.6468749999999999,0.6484374999999999,0.8672383196307529,0.8680173639232458,0.002633,0.1249,0.015,1,0.08333333333,2
14854,0.6437499999999999,0.6453125,0.8695754525082314,0.8703544968007242,0.002633,0.1249,0.015,1,0.08333333333,2
14855,0.6437499999999999,0.6453125,0.8703544968007242,0.8711335410932171,0.002633,0.1249,0.015,1,0.08333333333,2
14856,0.6437499999999999,0.6453125,0.8711335410932171,0.8719125853857099,0.002633,0.1249,0.015,1,0.08333333333,2
14864,0.6015625,0.6031249999999999,0.8750287625556814,0.8758078068481742,0.002633,0.1249,0.015,1,0.08333333333,2
14869,0.6031249999999999,0.6046874999999999,0.8742497182631885,0.8750287625556814,0.002633,0.1249,0.015,1,0.08333333333,2
14870,0.6031249999999999,0.6046874999999999,0.8750287625556814,0.8758078068481742,0.002633,0.1249,0.015,1,0.08333333333,2
14871,0.6046874999999999,0.60625,0.8742497182631885,0.8750287625556814,0.002633,0.1249,0.015,1,0.08333333333,2
14872,0.6046874999999999,0.60625,0.8750287625556814,0.8758078068481742,0.002633,0.1249,0.015,1,0.08333333333,2
14873,0.6,0.6015625,0.8758078068481742,0.8765868511406669,0.002633,0.1249,0.015,1,0.08333333333,2
14874,0.6,0.6015625,0.8765868511406669,0.8773658954331598,0.002633,0.1249,0.015,1,0.08333333333,2
14875,0.6015625,0.6031249999999999,0.8758078068481742,0.8765868511406669,0.002633,0.1249,0.015,1,0.08333333333,2
14876,0.6015625,0.6031249999999999,0.8765868511406669,0.8773658954331598,0.002633,0.1249,0.015,1,0.08333333333,2
14877,0.6,0.6015625,0.8773658954331598,0.8781449397256527,0.002633,0.1249,0.015,1,0.08333333333,2
14882,0.6031249999999999,0.6046874999999999,0.8765868511406669,0.8773658954331598,0.002633,0.1249,0.015,1,0.08333333333,2
14896,0.6078125,0.609375,0.8750287625556814,0.8758078068481742,0.002633,0.1249,0.015,1,0.08333333333,2
14985,0.6125,0.6140625000000001,0.8726916296782028,0.8734706739706957,0.002633,0.1249,0.015,1,0.08333333333,2
15184,0.6015625,0.6031249999999999,0.8937258255755094,0.8945048698680022,0.002633,0.1249,0.015,1,0.08333333333,3
15190,0.6046874999999999,0.60625,0.8929467812830165,0.8937258255755094,0.002633,0.1249,0.015,1,0.08333333333,3
15196,0.609375,0.6109375,0.8921677369905237,0.8929467812830165,0.002633,0.1249,0.015,1,0.08333333333,3
15253,0.6203125,0.621875,0.8906096484055379,0.8913886926980308,0.002633,0.1249,0.015,1,0.08333333333,3
15259,0.621875,0.6234375,0.8906096484055379,0.8913886926980308,0.002633,0.1249,0.015,1,0.08333333333,3
15261,0.6234375,0.625,0.8906096484055379,0.8913886926980308,0.002633,0.1249,0.015,1,0.08333333333,3
15263,0.6140625000000001,0.6156250000000001,0.8913886926980308,0.8921677369905237,0.002633,0.1249,0.015,1,0.08333333333,3
15428,0.625,0.6265625,0.8906096484055379,0.8913886926980308,0.002633,0.1249,0.015,1,0.08333333333,3
15430,0.6265625,0.628125,0.8906096484055379,0.8913886926980308,0.002633,0.1249,0.015,1,0.08333333333,3
15536,0.528125,0.5296875,0.8913886926980308,0.8929467812830165,0.002633,0.1249,0.015,1,0.08333333333,3
15541,0.5625,0.5640625,0.8664592753382601,0.8680173639232458,0.002633,0.1249,0.015,1,0.08333333333,3
15543,0.5531250000000001,0.5546875,0.8726916296782028,0.8742497182631885,0.002633,0.1249,0.015,1,0.08333333333,3
15545,0.5093749999999999,0.5109374999999999,0.9069695785478876,0.9085276671328733,0.002633,0.1249,0.015,1,0.08333333333,3
15550,0.609375,0.6109375,0.8415298579784893,0.8430879465634751,0.002633,0.1249,0.015,1,0.08333333333,3
16207,0.59375,0.596875,0.8337394150535611,0.8352975036385467,0.002633,0.1249,0.015,1,0.08333333333,2
16208,0.596875,0.6,0.8321813264685753,0.8337394150535611,0.002633,0.1249,0.015,1,0.08333333333,2
16223,0.5812499999999999,0.5843749999999999,0.8399717693935037,0.8415298579784893,0.002633,0.1249,0.015,1,0.08333333333,2
16224,0.5843749999999999,0.5874999999999999,0.8384136808085181,0.8399717693935037,0.002633,0.1249,0.015,1,0.08333333333,2
16225,0.5843749999999999,0.5874999999999999,0.8399717693935037,0.8415298579784893,0.002633,0.1249,0.015,1,0.08333333333,2
16227,0.575,0.578125,0.8430879465634751,0.8446460351484607,0.002633,0.1249,0.015,1,0.08333333333,2
16228,0.578125,0.5812499999999999,0.8415298579784893,0.8430879465634751,0.002633,0.1249,0.015,1,0.08333333333,2
16229,0.578125,0.5812499999999999,0.8430879465634751,0.8446460351484607,0.002633,0.1249,0.015,1,0.08333333333,2
16230,0.575,0.578125,0.8446460351484607,0.8462041237334463,0.002633,0.1249,0.015,1,0.08333333333,2
16234,0.5812499999999999,0.5843749999999999,0.8415298579784893,0.8430879465634751,0.002633,0.1249,0.015,1,0.08333333333,2
16243,0.5874999999999999,0.590625,0.8368555922235323,0.8384136808085181,0.002633,0.1249,0.015,1,0.08333333333,2
16244,0.590625,0.59375,0.8352975036385467,0.8368555922235323,0.002633,0.1249,0.015,1,0.08333333333,2
16246,0.5874999999999999,0.590625,0.8384136808085181,0.8399717693935037,0.002633,0.1249,0.015,1,0.08333333333,2
16510,0.5406250000000001,0.5437500000000001,0.8664592753382601,0.8680173639232458,0.002633,0.1249,0.015,1,0.08333333333,2
16697,0.546875,0.55,0.8758078068481742,0.8773658954331598,0.002633,0.1249,0.015,1,0.08333333333,3
16709,0.528125,0.53125,0.8898306041130452,0.8913886926980308,0.002633,0.1249,0.015,1,0.08333333333,3
16712,0.534375,0.5375000000000001,0.8851563383580882,0.8867144269430738,0.002633,0.1249,0.015,1,0.08333333333,3
16729,0.559375,0.5625,0.8524364780733891,0.8539945666583748,0.002633,0.1249,0.015,1,0.08333333333,2
16735,0.55,0.5531250000000001,0.8586688324133318,0.8602269209983174,0.002633,0.1249,0.015,1,0.08333333333,2
16736,0.5531250000000001,0.55625,0.8571107438283461,0.8586688324133318,0.002633,0.1249,0.015,1,0.08333333333,2
16739,0.55625,0.559375,0.8555526552433604,0.8571107438283461,0.002633,0.1249,0.015,1,0.08333333333,2
16740,0.559375,0.5625,0.8539945666583748,0.8555526552433604,0.002633,0.1249,0.015,1,0.08333333333,2
16749,0.565625,0.56875,0.8493203009034178,0.8508783894884034,0.002633,0.1249,0.015,1,0.08333333333,2
16750,0.5625,0.565625,0.8508783894884034,0.8524364780733891,0.002633,0.1249,0.015,1,0.08333333333,2
16754,0.56875,0.5718749999999999,0.8477622123184321,0.8493203009034178,0.002633,0.1249,0.015,1,0.08333333333,2
16811,0.565625,0.56875,0.8633430981682888,0.8649011867532744,0.002633,0.1249,0.015,1,0.08333333333,3
16838,0.590625,0.59375,0.8493203009034178,0.8508783894884034,0.002633,0.1249,0.015,1,0.08333333333,3
16839,0.5874999999999999,0.590625,0.8508783894884034,0.8524364780733891,0.002633,0.1249,0.015,1,0.08333333333,3
16877,0.51875,0.5218750000000001,0.8976210470379735,0.8991791356229593,0.002633,0.1249,0.015,1,0.08333333333,3
17933,0.625,0.628125,0.8212747063736756,0.8228327949586614,0.002633,0.1249,0.015,1,0.08333333333,2
17939,0.6343749999999999,0.6375,0.8181585292037044,0.81971661778869,0.002633,0.1249,0.015,1,0.08333333333,2
17959,0.6468749999999999,0.6499999999999999,0.815042352033733,0.8166004406187186,0.002633,0.1249,0.015,1,0.08333333333,2
17961,0.6375,0.640625,0.8181585292037044,0.81971661778869,0.002633,0.1249,0.015,1,0.08333333333,2
17962,0.640625,0.6437499999999999,0.8166004406187186,0.8181585292037044,0.002633,0.1249,0.015,1,0.08333333333,2
17968,0.6437499999999999,0.6468749999999999,0.8166004406187186,0.8181585292037044,0.002633,0.1249,0.015,1,0.08333333333,2
17996,0.6,0.6031249999999999,0.8321813264685753,0.8337394150535611,0.002633,0.1249,0.015,1,0.08333333333,2
18067,0.6125,0.6156250000000001,0.8399717693935037,0.8415298579784893,0.002633,0.1249,0.015,1,0.08333333333,3
18101,0.63125,0.6343749999999999,0.8337394150535611,0.8352975036385467,0.002633,0.1249,0.015,1,0.08333333333,3
18123,0.6375,0.640625,0.8321813264685753,0.8337394150535611,0.002633,0.1249,0.015,1,0.08333333333,3
18127,0.6468749999999999,0.6499999999999999,0.8306232378835897,0.8321813264685753,0.002633,0.1249,0.015,1,0.08333333333,3
18360,0.6593749999999998,0.6624999999999999,0.8290651492986041,0.8306232378835897,0.002633,0.1249,0.015,1,0.08333333333,3
18377,0.6624999999999999,0.6656249999999999,0.8290651492986041,0.8306232378835897,0.002633,0.1249,0.015,1,0.08333333333,3
18378,0.6656249999999999,0.66875,0.8290651492986041,0.8306232378835897,0.002633,0.1249,0.015,1,0.08333333333,3
18379,0.66875,0.671875,0.8290651492986041,0.8306232378835897,0.002633,0.1249,0.015,1,0.08333333333,3
18380,0.671875,0.6749999999999999,0.8290651492986041,0.8306232378835897,0.002633,0.1249,0.015,1,0.08333333333,3
18618,0.56875,0.5718749999999999,0.7947872004289193,0.7979033775988906,0.002633,0.1249,0.015,1,0.08333333333,3
18629,0.5,0.503125,0.8508783894884034,0.8539945666583748,0.002633,0.1249,0.015,1,0.08333333333,3
19076,0.5375000000000001,0.5437500000000001,0.7947872004289193,0.7979033775988906,0.002633,0.1249,0.015,1,0.08333333333,2
19077,0.5437500000000001,0.55,0.7916710232589479,0.7947872004289193,0.002633,0.1249,0.015,1,0.08333333333,2
19277,0.5,0.50625,0.8477622123184321,0.8508783894884034,0.002633,0.1249,0.015,1,0.08333333333,3
19709,0.625,0.63125,0.7449283657093779,0.7480445428793493,0.002633,0.1249,0.015,1,0.08333333333,2
19710,0.63125,0.6375,0.7418121885394067,0.7449283657093779,0.002633,0.1249,0.015,1,0.08333333333,2
19820,0.6749999999999999,0.6812499999999999,0.7293474798595213,0.7324636570294927,0.002633,0.1249,0.015,1,0.08333333333,2
19844,0.69375,0.7,0.7418121885394067,0.7449283657093779,0.002633,0.1249,0.015,1,0.08333333333,3
19887,0.6437499999999999,0.6499999999999999,0.7542768972192919,0.7573930743892633,0.002633,0.1249,0.015,1,0.08333333333,3
20412,0.7375,0.74375,0.7231151255195787,0.7262313026895499,0.002633,0.1249,0.015,1,0.08333333333,2
20414,0.74375,0.75,0.7231151255195787,0.7262313026895499,0.002633,0.1249,0.015,1,0.08333333333,2
20561,0.525,0.5375000000000001,0.1590870577547667,0.1622032349247381,0.002633,0.1249,0.015,1,0.08333333333,3
20562,0.5375000000000001,0.55,0.1559708805847954,0.1590870577547667,0.002633,0.1249,0.015,1,0.08333333333,3
20563,0.5375000000000001,0.55,0.1590870577547667,0.1622032349247381,0.002633,0.1249,0.015,1,0.08333333333,3
20578,0.5874999999999999,0.6,0.1559708805847954,0.1590870577547667,0.002633,0.1249,0.015,1,0.08333333333,2
20579,0.5874999999999999,0.6,0.1590870577547667,0.1622032349247381,0.002633,0.1249,0.015,1,0.08333333333,2
20582,0.5625,0.56875,0.6857209994799226,0.6919533538198652,0.002633,0.1249,0.015,1,0.08333333333,3
20733,0.7124999999999999,0.71875,0.6109327474006104,0.6171651017405531,0.002633,0.1249,0.015,1,0.08333333333,3
20871,0.575,0.6,0.134157640394996,0.1372738175649674,0.002633,0.1249,0.015,1,0.08333333333,2
20874,0.575,0.6,0.1372738175649674,0.1403899947349387,0.002633,0.1249,0.015,1,0.08333333333,2
20875,0.575,0.6,0.1403899947349387,0.1435061719049101,0.002633,0.1249,0.015,1,0.08333333333,2
20876,0.575,0.6,0.1435061719049101,0.1466223490748814,0.002633,0.1249,0.015,1,0.08333333333,2
20877,0.575,0.6,0.1466223490748814,0.1497385262448527,0.002633,0.1249,0.015,1,0.08333333333,3
21360,0.5375000000000001,0.55,0.6732562908000372,0.67948864513998,0.002633,0.1249,0.015,1,0.08333333333,2
21362,0.525,0.5375000000000001,0.6857209994799226,0.6919533538198652,0.002633,0.1249,0.015,1,0.08333333333,2
21369,0.5625,0.575,0.6545592277802093,0.6607915821201519,0.002633,0.1249,0.015,1,0.08333333333,2
21371,0.55,0.5625,0.6670239364600945,0.6732562908000372,0.002633,0.1249,0.015,1,0.08333333333,2
21374,0.575,0.5874999999999999,0.6483268734402665,0.6545592277802093,0.002633,0.1249,0.015,1,0.08333333333,2
21450,0.6749999999999999,0.7,0.1216929317151107,0.124809108885082,0.002633,0.1249,0.015,1,0.08333333333,2
21461,0.6749999999999999,0.7,0.124809108885082,0.1279252860550534,0.002633,0.1249,0.015,1,0.08333333333,2
21462,0.6749999999999999,0.7,0.1279252860550534,0.1310414632250247,0.002633,0.1249,0.015,1,0.08333333333,2
21465,0.6749999999999999,0.7,0.1310414632250247,0.134157640394996,0.002633,0.1249,0.015,1,0.08333333333,2
21466,0.6749999999999999,0.7,0.134157640394996,0.1372738175649674,0.002633,0.1249,0.015,1,0.08333333333,2
21477,0.6749999999999999,0.7,0.1372738175649674,0.1403899947349387,0.002633,0.1249,0.015,1,0.08333333333,2
21478,0.6749999999999999,0.7,0.1403899947349387,0.1435061719049101,0.002633,0.1249,0.015,1,0.08333333333,2
21479,0.6499999999999999,0.6749999999999999,0.1435061719049101,0.1466223490748814,0.002633,0.1249,0.015,1,0.08333333333,3
21480,0.6499999999999999,0.6749999999999999,0.1466223490748814,0.1497385262448527,0.002633,0.1249,0.015,1,0.08333333333,3
21481,0.6749999999999999,0.7,0.1435061719049101,0.1466223490748814,0.002633,0.1249,0.015,1,0.08333333333,2
21482,0.6749999999999999,0.7,0.1466223490748814,0.1497385262448527,0.002633,0.1249,0.015,1,0.08333333333,3
21485,0.625,0.6499999999999999,0.1497385262448527,0.1528547034148241,0.002633,0.1249,0.015,1,0.08333333333,3
21486,0.625,0.6499999999999999,0.1528547034148241,0.1559708805847954,0.002633,0.1249,0.015,1,0.08333333333,3
21507,0.625,0.6375,0.3616385738029036,0.3678709281428463,0.002633,0.1249,0.015,1,0.08333333333,2
21508,0.625,0.6375,0.3678709281428463,0.3741032824827889,0.002633,0.1249,0.015,1,0.08333333333,2
21509,0.6375,0.6499999999999999,0.3616385738029036,0.3678709281428463,0.002633,0.1249,0.015,1,0.08333333333,2
21852,0.6125,0.625,0.6483268734402665,0.6545592277802093,0.002633,0.1249,0.015,1,0.08333333333,3
21864,0.725,0.75,0.1092282230352253,0.1123444002051967,0.002633,0.1249,0.015,1,0.08333333333,2
21875,0.725,0.75,0.1123444002051967,0.115460577375168,0.002633,0.1249,0.015,1,0.08333333333,2
21876,0.725,0.75,0.115460577375168,0.1185767545451394,0.002633,0.1249,0.015,1,0.08333333333,2
21878,0.7,0.725,0.1216929317151107,0.124809108885082,0.002633,0.1249,0.015,1,0.08333333333,2
21889,0.7,0.725,0.124809108885082,0.1279252860550534,0.002633,0.1249,0.015,1,0.08333333333,2
21890,0.7,0.725,0.1279252860550534,0.1310414632250247,0.002633,0.1249,0.015,1,0.08333333333,2
21893,0.7,0.725,0.1310414632250247,0.134157640394996,0.002633,0.1249,0.015,1,0.08333333333,2
21894,0.7,0.725,0.134157640394996,0.1372738175649674,0.002633,0.1249,0.015,1,0.08333333333,2
21895,0.725,0.75,0.1310414632250247,0.134157640394996,0.002633,0.1249,0.015,1,0.08333333333,3
21896,0.725,0.75,0.134157640394996,0.1372738175649674,0.002633,0.1249,0.015,1,0.08333333333,3
21904,0.775,0.8,0.134157640394996,0.1372738175649674,0.002633,0.1249,0.015,1,0.08333333333,3
21907,0.725,0.75,0.1372738175649674,0.1403899947349387,0.002633,0.1249,0.015,1,0.08333333333,3
21908,0.725,0.75,0.1403899947349387,0.1435061719049101,0.002633,0.1249,0.015,1,0.08333333333,3
21910,0.7,0.725,0.1466223490748814,0.1497385262448527,0.002633,0.1249,0.015,1,0.08333333333,3
21911,0.725,0.75,0.1435061719049101,0.1466223490748814,0.002633,0.1249,0.015,1,0.08333333333,3
21912,0.725,0.75,0.1466223490748814,0.1497385262448527,0.002633,0.1249,0.015,1,0.08333333333,3
21913,0.75,0.775,0.1372738175649674,0.1403899947349387,0.002633,0.1249,0.015,1,0.08333333333,3
21914,0.75,0.775,0.1403899947349387,0.1435061719049101,0.002633,0.1249,0.015,1,0.08333333333,3
21915,0.775,0.8,0.1372738175649674,0.1403899947349387,0.002633,0.1249,0.015,1,0.08333333333,3
21916,0.775,0.8,0.1403899947349387,0.1435061719049101,0.002633,0.1249,0.015,1,0.08333333333,3
22126,0.75,0.7625,0.5797709757008971,0.5860033300408397,0.002633,0.1249,0.015,1,0.08333333333,2
22157,0.8,0.8250000000000001,0.1092282230352253,0.1123444002051967,0.002633,0.1249,0.015,1,0.08333333333,3
22160,0.8,0.8250000000000001,0.1123444002051967,0.115460577375168,0.002633,0.1249,0.015,1,0.08333333333,3
22161,0.8,0.8250000000000001,0.115460577375168,0.1185767545451394,0.002633,0.1249,0.015,1,0.08333333333,3
22164,0.8,0.8250000000000001,0.1185767545451394,0.1216929317151107,0.002633,0.1249,0.015,1,0.08333333333,3
22165,0.8,0.8250000000000001,0.1216929317151107,0.124809108885082,0.002633,0.1249,0.015,1,0.08333333333,3
22173,0.8500000000000001,0.875,0.1216929317151107,0.124809108885082,0.002633,0.1249,0.015,1,0.08333333333,2
22174,0.875,0.9,0.1185767545451394,0.1216929317151107,0.002633,0.1249,0.015,1,0.08333333333,2
22175,0.875,0.9,0.1216929317151107,0.124809108885082,0.002633,0.1249,0.015,1,0.08333333333,3
22176,0.8,0.8250000000000001,0.124809108885082,0.1279252860550534,0.002633,0.1249,0.015,1,0.08333333333,3
22177,0.8,0.8250000000000001,0.1279252860550534,0.1310414632250247,0.002633,0.1249,0.015,1,0.08333333333,3
22178,0.8250000000000001,0.8500000000000001,0.124809108885082,0.1279252860550534,0.002633,0.1249,0.015,1,0.08333333333,3
22179,0.8250000000000001,0.8500000000000001,0.1279252860550534,0.1310414632250247,0.002633,0.1249,0.015,1,0.08333333333,3
22180,0.8,0.8250000000000001,0.1310414632250247,0.134157640394996,0.002633,0.1249,0.015,1,0.08333333333,3
22181,0.8,0.8250000000000001,0.134157640394996,0.1372738175649674,0.002633,0.1249,0.015,1,0.08333333333,3
22182,0.8250000000000001,0.8500000000000001,0.1310414632250247,0.134157640394996,0.002633,0.1249,0.015,1,0.08333333333,3
22183,0.8250000000000001,0.8500000000000001,0.134157640394996,0.1372738175649674,0.002633,0.1249,0.015,1,0.08333333333,3
22273,0.5,0.525,0.1622032349247381,0.1684355892646807,0.002633,0.1249,0.015,1,0.08333333333,3
22274,0.5,0.525,0.1684355892646807,0.1746679436046234,0.002633,0.1249,0.015,1,0.08333333333,3
22275,0.525,0.55,0.1622032349247381,0.1684355892646807,0.002633,0.1249,0.015,1,0.08333333333,3
22276,0.525,0.55,0.1684355892646807,0.1746679436046234,0.002633,0.1249,0.015,1,0.08333333333,3
22278,0.55,0.575,0.1684355892646807,0.1746679436046234,0.002633,0.1249,0.015,1,0.08333333333,2
22279,0.575,0.6,0.1622032349247381,0.1684355892646807,0.002633,0.1249,0.015,1,0.08333333333,2
22280,0.575,0.6,0.1684355892646807,0.1746679436046234,0.002633,0.1249,0.015,1,0.08333333333,2
22281,0.5,0.525,0.1746679436046234,0.1809002979445661,0.002633,0.1249,0.015,1,0.08333333333,3
22282,0.5,0.525,0.1809002979445661,0.1871326522845088,0.002633,0.1249,0.015,1,0.08333333333,3
22283,0.525,0.55,0.1746679436046234,0.1809002979445661,0.002633,0.1249,0.015,1,0.08333333333,3
22284,0.525,0.55,0.1809002979445661,0.1871326522845088,0.002633,0.1249,0.015,1,0.08333333333,3
22285,0.5,0.525,0.1871326522845088,0.1933650066244514,0.002633,0.1249,0.015,1,0.08333333333,3
22286,0.5,0.525,0.1933650066244514,0.1995973609643941,0.002633,0.1249,0.015,1,0.08333333333,3
22287,0.525,0.55,0.1871326522845088,0.1933650066244514,0.002633,0.1249,0.015,1,0.08333333333,3
22288,0.525,0.55,0.1933650066244514,0.1995973609643941,0.002633,0.1249,0.015,1,0.08333333333,3
22289,0.55,0.575,0.1746679436046234,0.1809002979445661,0.002633,0.1249,0.015,1,0.08333333333,3
22290,0.55,0.575,0.1809002979445661,0.1871326522845088,0.002633,0.1249,0.015,1,0.08333333333,3
22291,0.575,0.6,0.1746679436046234,0.1809002979445661,0.002633,0.1249,0.015,1,0.08333333333,3
22292,0.575,0.6,0.1809002979445661,0.1871326522845088,0.002633,0.1249,0.015,1,0.08333333333,3
22293,0.55,0.575,0.1871326522845088,0.1933650066244514,0.002633,0.1249,0.015,1,0.08333333333,3
22294,0.55,0.575,0.1933650066244514,0.1995973609643941,0.002633,0.1249,0.015,1,0.08333333333,3
22295,0.575,0.6,0.1871326522845088,0.1933650066244514,0.002633,0.1249,0.015,1,0.08333333333,3
22296,0.575,0.6,0.1933650066244514,0.1995973609643941,0.002633,0.1249,0.015,1,0.08333333333,3
22297,0.5,0.525,0.1995973609643941,0.2058297153043368,0.002633,0.1249,0.015,1,0.08333333333,3
22298,0.5,0.525,0.2058297153043368,0.2120620696442794,0.002633,0.1249,0.015,1,0.08333333333,3
22299,0.525,0.55,0.1995973609643941,0.2058297153043368,0.002633,0.1249,0.015,1,0.08333333333,3
22300,0.525,0.55,0.2058297153043368,0.2120620696442794,0.002633,0.1249,0.015,1,0.08333333333,3
22301,0.5,0.525,0.2120620696442794,0.2182944239842221,0.002633,0.1249,0.015,1,0.08333333333,3
22302,0.5,0.525,0.2182944239842221,0.2245267783241648,0.002633,0.1249,0.015,1,0.08333333333,3
22305,0.55,0.575,0.1995973609643941,0.2058297153043368,0.002633,0.1249,0.015,1,0.08333333333,3
22307,0.575,0.6,0.1995973609643941,0.2058297153043368,0.002633,0.1249,0.015,1,0.08333333333,3
22308,0.575,0.6,0.2058297153043368,0.2120620696442794,0.002633,0.1249,0.015,1,0.08333333333,3
22313,0.5,0.525,0.2245267783241648,0.2307591326641074,0.002633,0.1249,0.015,1,0.08333333333,3
22360,0.6,0.625,0.1622032349247381,0.1684355892646807,0.002633,0.1249,0.015,1,0.08333333333,3
22361,0.6,0.625,0.1684355892646807,0.1746679436046234,0.002633,0.1249,0.015,1,0.08333333333,3
22362,0.625,0.6499999999999999,0.1622032349247381,0.1684355892646807,0.002633,0.1249,0.015,1,0.08333333333,3
22363,0.625,0.6499999999999999,0.1684355892646807,0.1746679436046234,0.002633,0.1249,0.015,1,0.08333333333,3
22364,0.6,0.625,0.1746679436046234,0.1809002979445661,0.002633,0.1249,0.015,1,0.08333333333,3
22365,0.6,0.625,0.1809002979445661,0.1871326522845088,0.002633,0.1249,0.015,1,0.08333333333,3
22366,0.625,0.6499999999999999,0.1746679436046234,0.1809002979445661,0.002633,0.1249,0.015,1,0.08333333333,3
22367,0.625,0.6499999999999999,0.1809002979445661,0.1871326522845088,0.002633,0.1249,0.015,1,0.08333333333,3
22368,0.6,0.625,0.1871326522845088,0.1933650066244514,0.002633,0.1249,0.015,1,0.08333333333,3
22369,0.6,0.625,0.1933650066244514,0.1995973609643941,0.002633,0.1249,0.015,1,0.08333333333,3
22370,0.625,0.6499999999999999,0.1871326522845088,0.1933650066244514,0.002633,0.1249,0.015,1,0.08333333333,3
22371,0.625,0.6499999999999999,0.1933650066244514,0.1995973609643941,0.002633,0.1249,0.015,1,0.08333333333,3
22372,0.6499999999999999,0.6749999999999999,0.1746679436046234,0.1809002979445661,0.002633,0.1249,0.015,1,0.08333333333,3
22373,0.6499999999999999,0.6749999999999999,0.1809002979445661,0.1871326522845088,0.002633,0.1249,0.015,1,0.08333333333,3
22374,0.6749999999999999,0.7,0.1746679436046234,0.1809002979445661,0.002633,0.1249,0.015,1,0.08333333333,3
22375,0.6749999999999999,0.7,0.1809002979445661,0.1871326522845088,0.002633,0.1249,0.015,1,0.08333333333,3
22376,0.6499999999999999,0.6749999999999999,0.1871326522845088,0.1933650066244514,0.002633,0.1249,0.015,1,0.08333333333,3
22377,0.6499999999999999,0.6749999999999999,0.1933650066244514,0.1995973609643941,0.002633,0.1249,0.015,1,0.08333333333,3
22378,0.6749999999999999,0.7,0.1871326522845088,0.1933650066244514,0.002633,0.1249,0.015,1,0.08333333333,3
22380,0.6,0.625,0.1995973609643941,0.2058297153043368,0.002633,0.1249,0.015,1,0.08333333333,3
22381,0.6,0.625,0.2058297153043368,0.2120620696442794,0.002633,0.1249,0.015,1,0.08333333333,3
22382,0.625,0.6499999999999999,0.1995973609643941,0.2058297153043368,0.002633,0.1249,0.015,1,0.08333333333,3
22383,0.625,0.6499999999999999,0.2058297153043368,0.2120620696442794,0.002633,0.1249,0.015,1,0.08333333333,3
22384,0.6,0.625,0.2120620696442794,0.2182944239842221,0.002633,0.1249,0.015,1,0.08333333333,3
22385,0.6,0.625,0.2182944239842221,0.2245267783241648,0.002633,0.1249,0.015,1,0.08333333333,3
22386,0.625,0.6499999999999999,0.2120620696442794,0.2182944239842221,0.002633,0.1249,0.015,1,0.08333333333,3
22387,0.625,0.6499999999999999,0.2182944239842221,0.2245267783241648,0.002633,0.1249,0.015,1,0.08333333333,3
22388,0.6499999999999999,0.6749999999999999,0.1995973609643941,0.2058297153043368,0.002633,0.1249,0.015,1,0.08333333333,3
22396,0.6,0.625,0.2245267783241648,0.2307591326641074,0.002633,0.1249,0.015,1,0.08333333333,3
22397,0.6,0.625,0.2307591326641074,0.2369914870040501,0.002633,0.1249,0.015,1,0.08333333333,3
22400,0.6,0.625,0.2369914870040501,0.2432238413439928,0.002633,0.1249,0.015,1,0.08333333333,3
22401,0.6,0.625,0.2432238413439928,0.2494561956839355,0.002633,0.1249,0.015,1,0.08333333333,3
22458,0.6749999999999999,0.7,0.3117797390833622,0.3180120934233049,0.002633,0.1249,0.015,1,0.08333333333,2
22559,0.7,0.725,0.2993150304034769,0.3055473847434196,0.002633,0.1249,0.015,1,0.08333333333,2
22560,0.7,0.725,0.3055473847434196,0.3117797390833622,0.002633,0.1249,0.015,1,0.08333333333,2
22563,0.7,0.725,0.3117797390833622,0.3180120934233049,0.002633,0.1249,0.015,1,0.08333333333,2
22564,0.7,0.725,0.3180120934233049,0.3242444477632475,0.002633,0.1249,0.015,1,0.08333333333,2
22575,0.7,0.725,0.3242444477632475,0.3304768021031902,0.002633,0.1249,0.015,1,0.08333333333,2
22576,0.7,0.725,0.3304768021031902,0.3367091564431329,0.002633,0.1249,0.015,1,0.08333333333,2
22660,0.8500000000000001,0.9,0.1029958686952827,0.106112045865254,0.002633,0.1249,0.015,1,0.08333333333,2
22661,0.8500000000000001,0.9,0.106112045865254,0.1092282230352253,0.002633,0.1249,0.015,1,0.08333333333,2
22662,0.8500000000000001,0.9,0.1092282230352253,0.1123444002051967,0.002633,0.1249,0.015,1,0.08333333333,2
22680,0.8500000000000001,0.875,0.2432238413439928,0.2494561956839355,0.002633,0.1249,0.015,1,0.08333333333,2
22681,0.875,0.9,0.2369914870040501,0.2432238413439928,0.002633,0.1249,0.015,1,0.08333333333,2
22682,0.875,0.9,0.2432238413439928,0.2494561956839355,0.002633,0.1249,0.015,1,0.08333333333,2
22683,0.8,0.8250000000000001,0.2494561956839355,0.2556885500238782,0.002633,0.1249,0.015,1,0.08333333333,2
22684,0.8,0.8250000000000001,0.2556885500238782,0.2619209043638209,0.002633,0.1249,0.015,1,0.08333333333,2
22685,0.8250000000000001,0.8500000000000001,0.2494561956839355,0.2556885500238782,0.002633,0.1249,0.015,1,0.08333333333,2
22686,0.8250000000000001,0.8500000000000001,0.2556885500238782,0.2619209043638209,0.002633,0.1249,0.015,1,0.08333333333,2
22687,0.8,0.8250000000000001,0.2619209043638209,0.2681532587037635,0.002633,0.1249,0.015,1,0.08333333333,2
22688,0.8,0.8250000000000001,0.2681532587037635,0.2743856130437062,0.002633,0.1249,0.015,1,0.08333333333,2
22689,0.8250000000000001,0.8500000000000001,0.2619209043638209,0.2681532587037635,0.002633,0.1249,0.015,1,0.08333333333,2
22690,0.8250000000000001,0.8500000000000001,0.2681532587037635,0.2743856130437062,0.002633,0.1249,0.015,1,0.08333333333,2
22691,0.8500000000000001,0.875,0.2494561956839355,0.2556885500238782,0.002633,0.1249,0.015,1,0.08333333333,2
22692,0.8500000000000001,0.875,0.2556885500238782,0.2619209043638209,0.002633,0.1249,0.015,1,0.08333333333,2
22693,0.875,0.9,0.2494561956839355,0.2556885500238782,0.002633,0.1249,0.015,1,0.08333333333,2
22694,0.875,0.9,0.2556885500238782,0.2619209043638209,0.002633,0.1249,0.015,1,0.08333333333,2
22695,0.8500000000000001,0.875,0.2619209043638209,0.2681532587037635,0.002633,0.1249,0.015,1,0.08333333333,2
22696,0.8500000000000001,0.875,0.2681532587037635,0.2743856130437062,0.002633,0.1249,0.015,1,0.08333333333,2
22697,0.875,0.9,0.2619209043638209,0.2681532587037635,0.002633,0.1249,0.015,1,0.08333333333,2
22698,0.875,0.9,0.2681532587037635,0.2743856130437062,0.002633,0.1249,0.015,1,0.08333333333,2
22699,0.8,0.8250000000000001,0.2743856130437062,0.2806179673836489,0.002633,0.1249,0.015,1,0.08333333333,2
22700,0.8,0.8250000000000001,0.2806179673836489,0.2868503217235916,0.002633,0.1249,0.015,1,0.08333333333,2
22701,0.8250000000000001,0.8500000000000001,0.2743856130437062,0.2806179673836489,0.002633,0.1249,0.015,1,0.08333333333,2
22702,0.8250000000000001,0.8500000000000001,0.2806179673836489,0.2868503217235916,0.002633,0.1249,0.015,1,0.08333333333,2
22703,0.8,0.8250000000000001,0.2868503217235916,0.2930826760635342,0.002633,0.1249,0.015,1,0.08333333333,2
22704,0.8,0.8250000000000001,0.2930826760635342,0.2993150304034769,0.002633,0.1249,0.015,1,0.08333333333,2
22705,0.8250000000000001,0.8500000000000001,0.2868503217235916,0.2930826760635342,0.002633,0.1249,0.015,1,0.08333333333,2
22865,0.95,1.0,0.09676351435534,0.0998796915253113,0.002633,0.1249,0.015,1,0.08333333333,2
22868,0.95,1.0,0.0998796915253113,0.1029958686952827,0.002633,0.1249,0.015,1,0.08333333333,2
22869,0.95,1.0,0.1029958686952827,0.106112045865254,0.002633,0.1249,0.015,1,0.08333333333,3
22871,0.9,0.95,0.1092282230352253,0.1123444002051967,0.002633,0.1249,0.015,1,0.08333333333,3
22872,0.95,1.0,0.106112045865254,0.1092282230352253,0.002633,0.1249,0.015,1,0.08333333333,3
22873,0.95,1.0,0.1092282230352253,0.1123444002051967,0.002633,0.1249,0.015,1,0.08333333333,3
22874,0.9,0.95,0.1123444002051967,0.115460577375168,0.002633,0.1249,0.015,1,0.08333333333,3
22875,0.9,0.95,0.115460577375168,0.1185767545451394,0.002633,0.1249,0.015,1,0.08333333333,3
22876,0.95,1.0,0.1123444002051967,0.115460577375168,0.002633,0.1249,0.015,1,0.08333333333,3
22877,0.95,1.0,0.115460577375168,0.1185767545451394,0.002633,0.1249,0.015,1,0.08333333333,3
22949,0.6,0.6499999999999999,0.1559708805847954,0.1622032349247381,0.002633,0.1249,0.015,1,0.08333333333,3
22950,0.6499999999999999,0.7,0.1497385262448527,0.1559708805847954,0.002633,0.1249,0.015,1,0.08333333333,3
22951,0.6499999999999999,0.7,0.1559708805847954,0.1622032349247381,0.002633,0.1249,0.015,1,0.08333333333,3
22952,0.6499999999999999,0.7,0.1622032349247381,0.1684355892646807,0.002633,0.1249,0.015,1,0.08333333333,3
22953,0.6499999999999999,0.7,0.1684355892646807,0.1746679436046234,0.002633,0.1249,0.015,1,0.08333333333,3
22958,0.75,0.8,0.1559708805847954,0.1622032349247381,0.002633,0.1249,0.015,1,0.08333333333,3
22959,0.7,0.75,0.1622032349247381,0.1684355892646807,0.002633,0.1249,0.015,1,0.08333333333,3
22960,0.7,0.75,0.1684355892646807,0.1746679436046234,0.002633,0.1249,0.015,1,0.08333333333,3
22961,0.75,0.8,0.1622032349247381,0.1684355892646807,0.002633,0.1249,0.015,1,0.08333333333,3
22962,0.75,0.8,0.1684355892646807,0.1746679436046234,0.002633,0.1249,0.015,1,0.08333333333,3
22963,0.7,0.75,0.1746679436046234,0.1809002979445661,0.002633,0.1249,0.015,1,0.08333333333,3
22964,0.7,0.75,0.1809002979445661,0.1871326522845088,0.002633,0.1249,0.015,1,0.08333333333,3
22965,0.75,0.8,0.1746679436046234,0.1809002979445661,0.002633,0.1249,0.015,1,0.08333333333,3
22966,0.75,0.8,0.1809002979445661,0.1871326522845088,0.002633,0.1249,0.015,1,0.08333333333,3
22967,0.75,0.8,0.1871326522845088,0.1933650066244514,0.002633,0.1249,0.015,1,0.08333333333,3
22969,0.8500000000000001,0.9,0.124809108885082,0.1310414632250247,0.002633,0.1249,0.015,1,0.08333333333,3
22970,0.8500000000000001,0.9,0.1310414632250247,0.1372738175649674,0.002633,0.1249,0.015,1,0.08333333333,3
22971,0.8,0.8500000000000001,0.1372738175649674,0.1435061719049101,0.002633,0.1249,0.015,1,0.08333333333,3
22972,0.8,0.8500000000000001,0.1435061719049101,0.1497385262448527,0.002633,0.1249,0.015,1,0.08333333333,3
22973,0.8500000000000001,0.9,0.1372738175649674,0.1435061719049101,0.002633,0.1249,0.015,1,0.08333333333,3
22974,0.8500000000000001,0.9,0.1435061719049101,0.1497385262448527,0.002633,0.1249,0.015,1,0.08333333333,3
22975,0.8,0.8500000000000001,0.1497385262448527,0.1559708805847954,0.002633,0.1249,0.015,1,0.08333333333,3
22976,0.8,0.8500000000000001,0.1559708805847954,0.1622032349247381,0.002633,0.1249,0.015,1,0.08333333333,3
22977,0.8500000000000001,0.9,0.1497385262448527,0.1559708805847954,0.002633,0.1249,0.015,1,0.08333333333,3
22978,0.8500000000000001,0.9,0.1559708805847954,0.1622032349247381,0.002633,0.1249,0.015,1,0.08333333333,3
22979,0.8,0.8500000000000001,0.1622032349247381,0.1684355892646807,0.002633,0.1249,0.015,1,0.08333333333,3
22980,0.8,0.8500000000000001,0.1684355892646807,0.1746679436046234,0.002633,0.1249,0.015,1,0.08333333333,3
22983,0.8,0.8500000000000001,0.1746679436046234,0.1809002979445661,0.002633,0.1249,0.015,1,0.08333333333,3
22984,0.8,0.8500000000000001,0.1809002979445661,0.1871326522845088,0.002633,0.1249,0.015,1,0.08333333333,3
22997,0.9,0.95,0.124809108885082,0.1310414632250247,0.002633,0.1249,0.015,1,0.08333333333,3
22998,0.9,0.95,0.1310414632250247,0.1372738175649674,0.002633,0.1249,0.015,1,0.08333333333,3
22999,0.95,1.0,0.124809108885082,0.1310414632250247,0.002633,0.1249,0.015,1,0.08333333333,3
23000,0.95,1.0,0.1310414632250247,0.1372738175649674,0.002633,0.1249,0.015,1,0.08333333333,3
23001,0.9,0.95,0.1372738175649674,0.1435061719049101,0.002633,0.1249,0.015,1,0.08333333333,3
23002,0.9,0.95,0.1435061719049101,0.1497385262448527,0.002633,0.1249,0.015,1,0.08333333333,3
23003,0.95,1.0,0.1372738175649674,0.1435061719049101,0.002633,0.1249,0.015,1,0.08333333333,3
23004,0.95,1.0,0.1435061719049101,0.1497385262448527,0.002633,0.1249,0.015,1,0.08333333333,3
23005,0.9,0.95,0.1497385262448527,0.1559708805847954,0.002633,0.1249,0.015,1,0.08333333333,3
23006,0.9,0.95,0.1559708805847954,0.1622032349247381,0.002633,0.1249,0.015,1,0.08333333333,3
23007,0.95,1.0,0.1497385262448527,0.1559708805847954,0.002633,0.1249,0.015,1,0.08333333333,3
23008,0.95,1.0,0.1559708805847954,0.1622032349247381,0.002633,0.1249,0.015,1,0.08333333333,3
23009,0.9,0.95,0.1622032349247381,0.1684355892646807,0.002633,0.1249,0.015,1,0.08333333333,3
23010,0.9,0.95,0.1684355892646807,0.1746679436046234,0.002633,0.1249,0.015,1,0.08333333333,3
23011,0.95,1.0,0.1622032349247381,0.1684355892646807,0.002633,0.1249,0.015,1,0.08333333333,3
23012,0.95,1.0,0.1684355892646807,0.1746679436046234,0.002633,0.1249,0.015,1,0.08333333333,3
23013,0.9,0.95,0.1746679436046234,0.1809002979445661,0.002633,0.1249,0.015,1,0.08333333333,3
23014,0.9,0.95,0.1809002979445661,0.1871326522845088,0.002633,0.1249,0.015,1,0.08333333333,3
23035,0.9,1.0,0.1185767545451394,0.124809108885082,0.002633,0.1249,0.015,1,0.08333333333,3
