model,J,M,M_cluster_complete,tail_mode,cell_shape,rx,ry,distance,lambda_xx_cell_lower,lambda_xx0,lambda_xx_finite,lambda_xxx_finite,lambda_xxy_finite,lambda_xx_tail_energy,lambda_xx_tail_bound,old_dirichlet_tail_energy,M_xxx,M_xxy,Rxx1_lower,Rxx2_lower,Jxx1_lower,Jxx2_lower,success,cluster_complete,rigorous_flag
norm_bound,30,,,tail_ignored,omega_up_target_1e-2,0.01,0.001,0.01004987562112089,19.331652179390993,36.393407478299366,36.393407478299366,7.201517969142668e-13,-75.02124572679011,0.0,0.0,59.98661458062692,1513.227076542765,1929.4845334807262,-12.833549515124755,-12.834697907128604,-4.472364398975747,-4.473512790979596,False,True,exploratory_double
norm_bound,30,5,True,neumann_corrected_tail,omega_up_target_1e-2,0.01,0.001,0.01004987562112089,-42.35608369266848,-17.142481704878627,36.393407478299366,7.201517969142668e-13,-75.02124572679011,25.49328056341809,26.767944591588996,59.98661458062692,2225.2719496651343,2960.882491138505,-12.833549515124755,-12.834697907128604,-31.153093714613767,-31.154242106617616,False,True,exploratory_double
norm_bound,30,6,False,neumann_corrected_tail,omega_up_target_1e-2,0.01,0.001,0.01004987562112089,-42.35608369266848,-17.142481704878627,36.393407478299366,7.201517969142668e-13,-75.02124572679011,25.49328056341809,26.767944591588996,59.98661458062692,2225.2719496651343,2960.882491138505,-12.833549515124755,-12.834697907128604,-31.153093714613767,-31.154242106617616,False,True,exploratory_double
norm_bound,30,7,True,neumann_corrected_tail,omega_up_target_1e-2,0.01,0.001,0.01004987562112089,-11.792556469473062,9.783495598877394,36.393407478299366,7.201517969142668e-13,-75.02124572679011,12.671386609248557,13.304955939710986,59.98661458062692,1888.6528354515472,2689.5237138349826,-12.833549515124755,-12.834697907128604,-17.93397997595312,-17.93512836795697,False,True,exploratory_double
norm_bound,30,8,False,neumann_corrected_tail,omega_up_target_1e-2,0.01,0.001,0.01004987562112089,-11.792556469473062,9.783495598877394,36.393407478299366,7.201517969142668e-13,-75.02124572679011,12.671386609248557,13.304955939710986,59.98661458062692,1888.6528354515472,2689.5237138349826,-12.833549515124755,-12.834697907128604,-17.93397997595312,-17.93512836795697,False,True,exploratory_double
norm_bound,30,9,True,neumann_corrected_tail,omega_up_target_1e-2,0.01,0.001,0.01004987562112089,-11.792556469473062,9.783495598877394,36.393407478299366,7.201517969142668e-13,-75.02124572679011,12.671386609248557,13.304955939710986,59.98661458062692,1888.6528354515472,2689.5237138349826,-12.833549515124755,-12.834697907128604,-17.93397997595312,-17.93512836795697,False,True,exploratory_double
norm_bound,30,10,True,neumann_corrected_tail,omega_up_target_1e-2,0.01,0.001,0.01004987562112089,-11.792556469473062,9.783495598877394,36.393407478299366,7.201517969142668e-13,-75.02124572679011,12.671386609248557,13.304955939710986,59.98661458062692,1888.6528354515472,2689.5237138349826,-12.833549515124755,-12.834697907128604,-17.93397997595312,-17.93512836795697,False,True,exploratory_double
symmetry_x_even,30,,,tail_ignored,omega_up_target_1e-2,0.01,0.001,0.01004987562112089,34.46392294481864,36.393407478299366,36.393407478299366,7.201517969142668e-13,-75.02124572679011,0.0,0.0,59.98661458062692,1513.227076542765,1929.4845334807262,-12.833549515124755,-12.834697907128604,2.072534915544006,2.0713865235401574,True,True,exploratory_double
signed_xxy,30,,,tail_ignored,omega_up_target_1e-2,0.01,0.001,0.01004987562112089,36.393407478299366,36.393407478299366,36.393407478299366,7.201517969142668e-13,-75.02124572679011,0.0,0.0,59.98661458062692,1513.227076542765,1929.4845334807262,-12.833549515124755,-12.834697907128604,2.9070614843790032,2.9059130923751546,True,True,exploratory_double
symmetry_x_even,30,5,True,neumann_corrected_tail,omega_up_target_1e-2,0.01,0.001,0.01004987562112089,-20.103364196017132,-17.142481704878627,36.393407478299366,7.201517969142668e-13,-75.02124572679011,25.49328056341809,26.767944591588996,59.98661458062692,2225.2719496651343,2960.882491138505,-12.833549515124755,-12.834697907128604,-21.52850988066743,-21.529658272671277,False,True,exploratory_double
signed_xxy,30,5,True,neumann_corrected_tail,omega_up_target_1e-2,0.01,0.001,0.01004987562112089,-17.142481704878627,-17.142481704878627,36.393407478299366,7.201517969142668e-13,-75.02124572679011,25.49328056341809,26.767944591588996,59.98661458062692,2225.2719496651343,2960.882491138505,-12.833549515124755,-12.834697907128604,-20.24789059443975,-20.249038986443598,False,True,exploratory_double
symmetry_x_even,30,6,False,neumann_corrected_tail,omega_up_target_1e-2,0.01,0.001,0.01004987562112089,-20.103364196017132,-17.142481704878627,36.393407478299366,7.201517969142668e-13,-75.02124572679011,25.49328056341809,26.767944591588996,59.98661458062692,2225.2719496651343,2960.882491138505,-12.833549515124755,-12.834697907128604,-21.52850988066743,-21.529658272671277,False,True,exploratory_double
signed_xxy,30,6,False,neumann_corrected_tail,omega_up_target_1e-2,0.01,0.001,0.01004987562112089,-17.142481704878627,-17.142481704878627,36.393407478299366,7.201517969142668e-13,-75.02124572679011,25.49328056341809,26.767944591588996,59.98661458062692,2225.2719496651343,2960.882491138505,-12.833549515124755,-12.834697907128604,-20.24789059443975,-20.249038986443598,False,True,exploratory_double
symmetry_x_even,30,7,True,neumann_corrected_tail,omega_up_target_1e-2,0.01,0.001,0.01004987562112089,7.093971885042412,9.783495598877394,36.393407478299366,7.201517969142668e-13,-75.02124572679011,12.671386609248557,13.304955939710986,59.98661458062692,1888.6528354515472,2689.5237138349826,-12.833549515124755,-12.834697907128604,-9.76531656797762,-9.76646495998147,False,True,exploratory_double
signed_xxy,30,7,True,neumann_corrected_tail,omega_up_target_1e-2,0.01,0.001,0.01004987562112089,9.783495598877394,9.783495598877394,36.393407478299366,7.201517969142668e-13,-75.02124572679011,12.671386609248557,13.304955939710986,59.98661458062692,1888.6528354515472,2689.5237138349826,-12.833549515124755,-12.834697907128604,-8.602063399703656,-8.603211791707505,False,True,exploratory_double
symmetry_x_even,30,8,False,neumann_corrected_tail,omega_up_target_1e-2,0.01,0.001,0.01004987562112089,7.093971885042412,9.783495598877394,36.393407478299366,7.201517969142668e-13,-75.02124572679011,12.671386609248557,13.304955939710986,59.98661458062692,1888.6528354515472,2689.5237138349826,-12.833549515124755,-12.834697907128604,-9.76531656797762,-9.76646495998147,False,True,exploratory_double
signed_xxy,30,8,False,neumann_corrected_tail,omega_up_target_1e-2,0.01,0.001,0.01004987562112089,9.783495598877394,9.783495598877394,36.393407478299366,7.201517969142668e-13,-75.02124572679011,12.671386609248557,13.304955939710986,59.98661458062692,1888.6528354515472,2689.5237138349826,-12.833549515124755,-12.834697907128604,-8.602063399703656,-8.603211791707505,False,True,exploratory_double
symmetry_x_even,30,9,True,neumann_corrected_tail,omega_up_target_1e-2,0.01,0.001,0.01004987562112089,7.093971885042412,9.783495598877394,36.393407478299366,7.201517969142668e-13,-75.02124572679011,12.671386609248557,13.304955939710986,59.98661458062692,1888.6528354515472,2689.5237138349826,-12.833549515124755,-12.834697907128604,-9.76531656797762,-9.76646495998147,False,True,exploratory_double
signed_xxy,30,9,True,neumann_corrected_tail,omega_up_target_1e-2,0.01,0.001,0.01004987562112089,9.783495598877394,9.783495598877394,36.393407478299366,7.201517969142668e-13,-75.02124572679011,12.671386609248557,13.304955939710986,59.98661458062692,1888.6528354515472,2689.5237138349826,-12.833549515124755,-12.834697907128604,-8.602063399703656,-8.603211791707505,False,True,exploratory_double
symmetry_x_even,30,10,True,neumann_corrected_tail,omega_up_target_1e-2,0.01,0.001,0.01004987562112089,7.093971885042412,9.783495598877394,36.393407478299366,7.201517969142668e-13,-75.02124572679011,12.671386609248557,13.304955939710986,59.98661458062692,1888.6528354515472,2689.5237138349826,-12.833549515124755,-12.834697907128604,-9.76531656797762,-9.76646495998147,False,True,exploratory_double
signed_xxy,30,10,True,neumann_corrected_tail,omega_up_target_1e-2,0.01,0.001,0.01004987562112089,9.783495598877394,9.783495598877394,36.393407478299366,7.201517969142668e-13,-75.02124572679011,12.671386609248557,13.304955939710986,59.98661458062692,1888.6528354515472,2689.5237138349826,-12.833549515124755,-12.834697907128604,-8.602063399703656,-8.603211791707505,False,True,exploratory_double
norm_bound,49,,,tail_ignored,omega_up_target_1e-2,0.01,0.001,0.01004987562112089,19.25294860290496,36.325965036689574,36.325965036689574,7.73517509996302e-13,-75.10260472891373,0.0,0.0,59.95418769967904,1514.2431711656504,1930.5847221281058,-12.833549515124755,-12.834697907128604,-4.506404695490302,-4.50755308749415,False,True,exploratory_double
norm_bound,49,5,True,neumann_corrected_tail,omega_up_target_1e-2,0.01,0.001,0.01004987562112089,-41.14832870975454,-16.220903201600002,36.325965036689574,7.73517509996302e-13,-75.10260472891373,25.46085368247021,26.273434119144788,59.95418769967904,2200.2918179290373,2924.5073288641684,-12.833549515124755,-12.834697907128604,-30.630724343729867,-30.631872735733715,False,True,exploratory_double
norm_bound,49,6,False,neumann_corrected_tail,omega_up_target_1e-2,0.01,0.001,0.01004987562112089,-41.14832870975454,-16.220903201600002,36.325965036689574,7.73517509996302e-13,-75.10260472891373,25.46085368247021,26.273434119144788,59.95418769967904,2200.2918179290373,2924.5073288641684,-12.833549515124755,-12.834697907128604,-30.630724343729867,-30.631872735733715,False,True,exploratory_double
norm_bound,49,7,True,neumann_corrected_tail,omega_up_target_1e-2,0.01,0.001,0.01004987562112089,-11.172994910923979,10.241303469771157,36.325965036689574,7.73517509996302e-13,-75.10260472891373,12.638959728300676,13.042330783459208,59.95418769967904,1875.1110783380807,2663.1875973143297,-12.833549515124755,-12.834697907128604,-17.666011732276502,-17.66716012428035,False,True,exploratory_double
norm_bound,49,8,False,neumann_corrected_tail,omega_up_target_1e-2,0.01,0.001,0.01004987562112089,-11.172994910923979,10.241303469771157,36.325965036689574,7.73517509996302e-13,-75.10260472891373,12.638959728300676,13.042330783459208,59.95418769967904,1875.1110783380807,2663.1875973143297,-12.833549515124755,-12.834697907128604,-17.666011732276502,-17.66716012428035,False,True,exploratory_double
norm_bound,49,9,True,neumann_corrected_tail,omega_up_target_1e-2,0.01,0.001,0.01004987562112089,-11.172994910923979,10.241303469771157,36.325965036689574,7.73517509996302e-13,-75.10260472891373,12.638959728300676,13.042330783459208,59.95418769967904,1875.1110783380807,2663.1875973143297,-12.833549515124755,-12.834697907128604,-17.666011732276502,-17.66716012428035,False,True,exploratory_double
norm_bound,49,10,True,neumann_corrected_tail,omega_up_target_1e-2,0.01,0.001,0.01004987562112089,-11.172994910923979,10.241303469771157,36.325965036689574,7.73517509996302e-13,-75.10260472891373,12.638959728300676,13.042330783459208,59.95418769967904,1875.1110783380807,2663.1875973143297,-12.833549515124755,-12.834697907128604,-17.666011732276502,-17.66716012428035,False,True,exploratory_double
symmetry_x_even,49,,,tail_ignored,omega_up_target_1e-2,0.01,0.001,0.01004987562112089,34.39538031456147,36.325965036689574,36.325965036689574,7.73517509996302e-13,-75.10260472891373,0.0,0.0,59.95418769967904,1514.2431711656504,1930.5847221281058,-12.833549515124755,-12.834697907128604,2.042889357336678,2.0417409653328296,True,True,exploratory_double
signed_xxy,49,,,tail_ignored,omega_up_target_1e-2,0.01,0.001,0.01004987562112089,36.325965036689574,36.325965036689574,36.325965036689574,7.73517509996302e-13,-75.10260472891373,0.0,0.0,59.95418769967904,1514.2431711656504,1930.5847221281058,-12.833549515124755,-12.834697907128604,2.8778917717361434,2.8767433797322948,True,True,exploratory_double
symmetry_x_even,49,5,True,neumann_corrected_tail,omega_up_target_1e-2,0.01,0.001,0.01004987562112089,-19.145410530464172,-16.220903201600002,36.325965036689574,7.73517509996302e-13,-75.10260472891373,25.46085368247021,26.273434119144788,59.95418769967904,2200.2918179290373,2924.5073288641684,-12.833549515124755,-12.834697907128604,-21.114182752491562,-21.11533114449541,False,True,exploratory_double
signed_xxy,49,5,True,neumann_corrected_tail,omega_up_target_1e-2,0.01,0.001,0.01004987562112089,-16.220903201600002,-16.220903201600002,36.325965036689574,7.73517509996302e-13,-75.10260472891373,25.46085368247021,26.273434119144788,59.95418769967904,2200.2918179290373,2924.5073288641684,-12.833549515124755,-12.834697907128604,-19.849296185980922,-19.85044457798477,False,True,exploratory_double
symmetry_x_even,49,6,False,neumann_corrected_tail,omega_up_target_1e-2,0.01,0.001,0.01004987562112089,-19.145410530464172,-16.220903201600002,36.325965036689574,7.73517509996302e-13,-75.10260472891373,25.46085368247021,26.273434119144788,59.95418769967904,2200.2918179290373,2924.5073288641684,-12.833549515124755,-12.834697907128604,-21.114182752491562,-21.11533114449541,False,True,exploratory_double
signed_xxy,49,6,False,neumann_corrected_tail,omega_up_target_1e-2,0.01,0.001,0.01004987562112089,-16.220903201600002,-16.220903201600002,36.325965036689574,7.73517509996302e-13,-75.10260472891373,25.46085368247021,26.273434119144788,59.95418769967904,2200.2918179290373,2924.5073288641684,-12.833549515124755,-12.834697907128604,-19.849296185980922,-19.85044457798477,False,True,exploratory_double
symmetry_x_even,49,7,True,neumann_corrected_tail,omega_up_target_1e-2,0.01,0.001,0.01004987562112089,7.578115872456827,10.241303469771157,36.325965036689574,7.73517509996302e-13,-75.10260472891373,12.638959728300676,13.042330783459208,59.95418769967904,1875.1110783380807,2663.1875973143297,-12.833549515124755,-12.834697907128604,-9.55591814387614,-9.557066535879988,False,True,exploratory_double
signed_xxy,49,7,True,neumann_corrected_tail,omega_up_target_1e-2,0.01,0.001,0.01004987562112089,10.241303469771157,10.241303469771157,36.325965036689574,7.73517509996302e-13,-75.10260472891373,12.638959728300676,13.042330783459208,59.95418769967904,1875.1110783380807,2663.1875973143297,-12.833549515124755,-12.834697907128604,-8.40405568051587,-8.40520407251972,False,True,exploratory_double
symmetry_x_even,49,8,False,neumann_corrected_tail,omega_up_target_1e-2,0.01,0.001,0.01004987562112089,7.578115872456827,10.241303469771157,36.325965036689574,7.73517509996302e-13,-75.10260472891373,12.638959728300676,13.042330783459208,59.95418769967904,1875.1110783380807,2663.1875973143297,-12.833549515124755,-12.834697907128604,-9.55591814387614,-9.557066535879988,False,True,exploratory_double
signed_xxy,49,8,False,neumann_corrected_tail,omega_up_target_1e-2,0.01,0.001,0.01004987562112089,10.241303469771157,10.241303469771157,36.325965036689574,7.73517509996302e-13,-75.10260472891373,12.638959728300676,13.042330783459208,59.95418769967904,1875.1110783380807,2663.1875973143297,-12.833549515124755,-12.834697907128604,-8.40405568051587,-8.40520407251972,False,True,exploratory_double
symmetry_x_even,49,9,True,neumann_corrected_tail,omega_up_target_1e-2,0.01,0.001,0.01004987562112089,7.578115872456827,10.241303469771157,36.325965036689574,7.73517509996302e-13,-75.10260472891373,12.638959728300676,13.042330783459208,59.95418769967904,1875.1110783380807,2663.1875973143297,-12.833549515124755,-12.834697907128604,-9.55591814387614,-9.557066535879988,False,True,exploratory_double
signed_xxy,49,9,True,neumann_corrected_tail,omega_up_target_1e-2,0.01,0.001,0.01004987562112089,10.241303469771157,10.241303469771157,36.325965036689574,7.73517509996302e-13,-75.10260472891373,12.638959728300676,13.042330783459208,59.95418769967904,1875.1110783380807,2663.1875973143297,-12.833549515124755,-12.834697907128604,-8.40405568051587,-8.40520407251972,False,True,exploratory_double
symmetry_x_even,49,10,True,neumann_corrected_tail,omega_up_target_1e-2,0.01,0.001,0.01004987562112089,7.578115872456827,10.241303469771157,36.325965036689574,7.73517509996302e-13,-75.10260472891373,12.638959728300676,13.042330783459208,59.95418769967904,1875.1110783380807,2663.1875973143297,-12.833549515124755,-12.834697907128604,-9.55591814387614,-9.557066535879988,False,True,exploratory_double
signed_xxy,49,10,True,neumann_corrected_tail,omega_up_target_1e-2,0.01,0.001,0.01004987562112089,10.241303469771157,10.241303469771157,36.325965036689574,7.73517509996302e-13,-75.10260472891373,12.638959728300676,13.042330783459208,59.95418769967904,1875.1110783380807,2663.1875973143297,-12.833549515124755,-12.834697907128604,-8.40405568051587,-8.40520407251972,False,True,exploratory_double
norm_bound,51,,,tail_ignored,omega_up_target_1e-2,0.01,0.001,0.01004987562112089,19.25093523493503,36.324237337842554,36.324237337842554,7.3621555241082e-13,-75.12436434676357,0.0,0.0,59.95335056724801,1514.2689481483148,1930.612621424374,-12.833549515124755,-12.834697907128604,-4.507275502710879,-4.508423894714728,False,True,exploratory_double
norm_bound,51,5,True,neumann_corrected_tail,omega_up_target_1e-2,0.01,0.001,0.01004987562112089,-41.02078467174924,-16.123396755238154,36.324237337842554,7.3621555241082e-13,-75.12436434676357,25.460016550039178,26.223817046540354,59.95335056724801,2197.6700545419976,2920.6873710911063,-12.833549515124755,-12.834697907128604,-30.575559927241954,-30.576708319245803,False,True,exploratory_double
norm_bound,51,6,False,neumann_corrected_tail,omega_up_target_1e-2,0.01,0.001,0.01004987562112089,-41.02078467174924,-16.123396755238154,36.324237337842554,7.3621555241082e-13,-75.12436434676357,25.460016550039178,26.223817046540354,59.95335056724801,2197.6700545419976,2920.6873710911063,-12.833549515124755,-12.834697907128604,-30.575559927241954,-30.576708319245803,False,True,exploratory_double
norm_bound,51,7,True,neumann_corrected_tail,omega_up_target_1e-2,0.01,0.001,0.01004987562112089,-11.107634500319467,10.289704790351081,36.324237337842554,7.3621555241082e-13,-75.12436434676357,12.638122595869646,13.017266273745737,59.95335056724801,1873.6919617056233,2660.4196736143144,-12.833549515124755,-12.834697907128604,-17.63774252448916,-17.638890916493008,False,True,exploratory_double
norm_bound,51,8,False,neumann_corrected_tail,omega_up_target_1e-2,0.01,0.001,0.01004987562112089,-11.107634500319467,10.289704790351081,36.324237337842554,7.3621555241082e-13,-75.12436434676357,12.638122595869646,13.017266273745737,59.95335056724801,1873.6919617056233,2660.4196736143144,-12.833549515124755,-12.834697907128604,-17.63774252448916,-17.638890916493008,False,True,exploratory_double
norm_bound,51,9,True,neumann_corrected_tail,omega_up_target_1e-2,0.01,0.001,0.01004987562112089,-11.107634500319467,10.289704790351081,36.324237337842554,7.3621555241082e-13,-75.12436434676357,12.638122595869646,13.017266273745737,59.95335056724801,1873.6919617056233,2660.4196736143144,-12.833549515124755,-12.834697907128604,-17.63774252448916,-17.638890916493008,False,True,exploratory_double
norm_bound,51,10,True,neumann_corrected_tail,omega_up_target_1e-2,0.01,0.001,0.01004987562112089,-11.107634500319467,10.289704790351081,36.324237337842554,7.3621555241082e-13,-75.12436434676357,12.638122595869646,13.017266273745737,59.95335056724801,1873.6919617056233,2660.4196736143144,-12.833549515124755,-12.834697907128604,-17.63774252448916,-17.638890916493008,False,True,exploratory_double
symmetry_x_even,51,,,tail_ignored,omega_up_target_1e-2,0.01,0.001,0.01004987562112089,34.39362471641818,36.324237337842554,36.324237337842554,7.3621555241082e-13,-75.12436434676357,0.0,0.0,59.95335056724801,1514.2689481483148,1930.612621424374,-12.833549515124755,-12.834697907128604,2.0421300388402877,2.040981646836439,True,True,exploratory_double
signed_xxy,51,,,tail_ignored,omega_up_target_1e-2,0.01,0.001,0.01004987562112089,36.324237337842554,36.324237337842554,36.324237337842554,7.3621555241082e-13,-75.12436434676357,0.0,0.0,59.95335056724801,1514.2689481483148,1930.612621424374,-12.833549515124755,-12.834697907128604,2.8771445200397636,2.875996128035915,True,True,exploratory_double
symmetry_x_even,51,5,True,neumann_corrected_tail,omega_up_target_1e-2,0.01,0.001,0.01004987562112089,-19.04408412632926,-16.123396755238154,36.324237337842554,7.3621555241082e-13,-75.12436434676357,25.460016550039178,26.223817046540354,59.95335056724801,2197.6700545419976,2920.6873710911063,-12.833549515124755,-12.834697907128604,-21.070357795666148,-21.071506187669996,False,True,exploratory_double
signed_xxy,51,5,True,neumann_corrected_tail,omega_up_target_1e-2,0.01,0.001,0.01004987562112089,-16.123396755238154,-16.123396755238154,36.324237337842554,7.3621555241082e-13,-75.12436434676357,25.460016550039178,26.223817046540354,59.95335056724801,2197.6700545419976,2920.6873710911063,-12.833549515124755,-12.834697907128604,-19.80712340941305,-19.8082718014169,False,True,exploratory_double
symmetry_x_even,51,6,False,neumann_corrected_tail,omega_up_target_1e-2,0.01,0.001,0.01004987562112089,-19.04408412632926,-16.123396755238154,36.324237337842554,7.3621555241082e-13,-75.12436434676357,25.460016550039178,26.223817046540354,59.95335056724801,2197.6700545419976,2920.6873710911063,-12.833549515124755,-12.834697907128604,-21.070357795666148,-21.071506187669996,False,True,exploratory_double
signed_xxy,51,6,False,neumann_corrected_tail,omega_up_target_1e-2,0.01,0.001,0.01004987562112089,-16.123396755238154,-16.123396755238154,36.324237337842554,7.3621555241082e-13,-75.12436434676357,25.460016550039178,26.223817046540354,59.95335056724801,2197.6700545419976,2920.6873710911063,-12.833549515124755,-12.834697907128604,-19.80712340941305,-19.8082718014169,False,True,exploratory_double
symmetry_x_even,51,7,True,neumann_corrected_tail,omega_up_target_1e-2,0.01,0.001,0.01004987562112089,7.629285116736766,10.289704790351081,36.324237337842554,7.3621555241082e-13,-75.12436434676357,12.638122595869646,13.017266273745737,59.95335056724801,1873.6919617056233,2660.4196736143144,-12.833549515124755,-12.834697907128604,-9.533786795778841,-9.53493518778269,False,True,exploratory_double
signed_xxy,51,7,True,neumann_corrected_tail,omega_up_target_1e-2,0.01,0.001,0.01004987562112089,10.289704790351081,10.289704790351081,36.324237337842554,7.3621555241082e-13,-75.12436434676357,12.638122595869646,13.017266273745737,59.95335056724801,1873.6919617056233,2660.4196736143144,-12.833549515124755,-12.834697907128604,-8.383121494576697,-8.384269886580546,False,True,exploratory_double
symmetry_x_even,51,8,False,neumann_corrected_tail,omega_up_target_1e-2,0.01,0.001,0.01004987562112089,7.629285116736766,10.289704790351081,36.324237337842554,7.3621555241082e-13,-75.12436434676357,12.638122595869646,13.017266273745737,59.95335056724801,1873.6919617056233,2660.4196736143144,-12.833549515124755,-12.834697907128604,-9.533786795778841,-9.53493518778269,False,True,exploratory_double
signed_xxy,51,8,False,neumann_corrected_tail,omega_up_target_1e-2,0.01,0.001,0.01004987562112089,10.289704790351081,10.289704790351081,36.324237337842554,7.3621555241082e-13,-75.12436434676357,12.638122595869646,13.017266273745737,59.95335056724801,1873.6919617056233,2660.4196736143144,-12.833549515124755,-12.834697907128604,-8.383121494576697,-8.384269886580546,False,True,exploratory_double
symmetry_x_even,51,9,True,neumann_corrected_tail,omega_up_target_1e-2,0.01,0.001,0.01004987562112089,7.629285116736766,10.289704790351081,36.324237337842554,7.3621555241082e-13,-75.12436434676357,12.638122595869646,13.017266273745737,59.95335056724801,1873.6919617056233,2660.4196736143144,-12.833549515124755,-12.834697907128604,-9.533786795778841,-9.53493518778269,False,True,exploratory_double
signed_xxy,51,9,True,neumann_corrected_tail,omega_up_target_1e-2,0.01,0.001,0.01004987562112089,10.289704790351081,10.289704790351081,36.324237337842554,7.3621555241082e-13,-75.12436434676357,12.638122595869646,13.017266273745737,59.95335056724801,1873.6919617056233,2660.4196736143144,-12.833549515124755,-12.834697907128604,-8.383121494576697,-8.384269886580546,False,True,exploratory_double
symmetry_x_even,51,10,True,neumann_corrected_tail,omega_up_target_1e-2,0.01,0.001,0.01004987562112089,7.629285116736766,10.289704790351081,36.324237337842554,7.3621555241082e-13,-75.12436434676357,12.638122595869646,13.017266273745737,59.95335056724801,1873.6919617056233,2660.4196736143144,-12.833549515124755,-12.834697907128604,-9.533786795778841,-9.53493518778269,False,True,exploratory_double
signed_xxy,51,10,True,neumann_corrected_tail,omega_up_target_1e-2,0.01,0.001,0.01004987562112089,10.289704790351081,10.289704790351081,36.324237337842554,7.3621555241082e-13,-75.12436434676357,12.638122595869646,13.017266273745737,59.95335056724801,1873.6919617056233,2660.4196736143144,-12.833549515124755,-12.834697907128604,-8.383121494576697,-8.384269886580546,False,True,exploratory_double
norm_bound,99,,,tail_ignored,omega_up_target_1e-2,0.01,0.001,0.01004987562112089,19.194093722809303,36.27540007259375,36.27540007259375,6.882875780575178e-13,-75.15885636074066,0.0,0.0,59.929521177974095,1514.9912266937772,1931.394082846672,-12.833549515124755,-12.834697907128604,-4.531860178700017,-4.533008570703865,False,True,exploratory_double
norm_bound,99,5,True,neumann_corrected_tail,omega_up_target_1e-2,0.01,0.001,0.01004987562112089,-40.09881055071444,-15.417496415413083,36.27540007259375,6.882875780575178e-13,-75.15885636074066,25.436187160765265,25.846448244003415,59.929521177974095,2178.811729768516,2893.196837616193,-12.833549515124755,-12.834697907128604,-30.176794409078486,-30.177942801082335,False,True,exploratory_double
norm_bound,99,6,False,neumann_corrected_tail,omega_up_target_1e-2,0.01,0.001,0.01004987562112089,-40.09881055071444,-15.417496415413083,36.27540007259375,6.882875780575178e-13,-75.15885636074066,25.436187160765265,25.846448244003415,59.929521177974095,2178.811729768516,2893.196837616193,-12.833549515124755,-12.834697907128604,-30.176794409078486,-30.177942801082335,False,True,exploratory_double
norm_bound,99,7,True,neumann_corrected_tail,omega_up_target_1e-2,0.01,0.001,0.01004987562112089,-10.635549996400371,10.63990097531855,36.27540007259375,6.882875780575178e-13,-75.15885636074066,12.614293206595732,12.817749548637599,59.929521177974095,1863.496409898258,2640.4868727363423,-12.833549515124755,-12.834697907128604,-17.433559980177662,-17.43470837218151,False,True,exploratory_double
norm_bound,99,8,False,neumann_corrected_tail,omega_up_target_1e-2,0.01,0.001,0.01004987562112089,-10.635549996400371,10.63990097531855,36.27540007259375,6.882875780575178e-13,-75.15885636074066,12.614293206595732,12.817749548637599,59.929521177974095,1863.496409898258,2640.4868727363423,-12.833549515124755,-12.834697907128604,-17.433559980177662,-17.43470837218151,False,True,exploratory_double
norm_bound,99,9,True,neumann_corrected_tail,omega_up_target_1e-2,0.01,0.001,0.01004987562112089,-10.635549996400371,10.63990097531855,36.27540007259375,6.882875780575178e-13,-75.15885636074066,12.614293206595732,12.817749548637599,59.929521177974095,1863.496409898258,2640.4868727363423,-12.833549515124755,-12.834697907128604,-17.433559980177662,-17.43470837218151,False,True,exploratory_double
norm_bound,99,10,True,neumann_corrected_tail,omega_up_target_1e-2,0.01,0.001,0.01004987562112089,-10.635549996400371,10.63990097531855,36.27540007259375,6.882875780575178e-13,-75.15885636074066,12.614293206595732,12.817749548637599,59.929521177974095,1863.496409898258,2640.4868727363423,-12.833549515124755,-12.834697907128604,-17.433559980177662,-17.43470837218151,False,True,exploratory_double
symmetry_x_even,99,,,tail_ignored,omega_up_target_1e-2,0.01,0.001,0.01004987562112089,34.344005989747075,36.27540007259375,36.27540007259375,6.882875780575178e-13,-75.15885636074066,0.0,0.0,59.929521177974095,1514.9912266937772,1931.394082846672,-12.833549515124755,-12.834697907128604,2.0206693093033152,2.0195209172994666,True,True,exploratory_double
signed_xxy,99,,,tail_ignored,omega_up_target_1e-2,0.01,0.001,0.01004987562112089,36.27540007259375,36.27540007259375,36.27540007259375,6.882875780575178e-13,-75.15885636074066,0.0,0.0,59.929521177974095,1514.9912266937772,1931.394082846672,-12.833549515124755,-12.834697907128604,2.8560217824939755,2.854873390490127,True,True,exploratory_double
symmetry_x_even,99,5,True,neumann_corrected_tail,omega_up_target_1e-2,0.01,0.001,0.01004987562112089,-18.310693253029278,-15.417496415413083,36.27540007259375,6.882875780575178e-13,-75.15885636074066,25.436187160765265,25.846448244003415,59.929521177974095,2178.811729768516,2893.196837616193,-12.833549515124755,-12.834697907128604,-20.75315692751208,-20.75430531951593,False,True,exploratory_double
signed_xxy,99,5,True,neumann_corrected_tail,omega_up_target_1e-2,0.01,0.001,0.01004987562112089,-15.417496415413083,-15.417496415413083,36.27540007259375,6.882875780575178e-13,-75.15885636074066,25.436187160765265,25.846448244003415,59.929521177974095,2178.811729768516,2893.196837616193,-12.833549515124755,-12.834697907128604,-19.501812546168672,-19.50296093817252,False,True,exploratory_double
symmetry_x_even,99,6,False,neumann_corrected_tail,omega_up_target_1e-2,0.01,0.001,0.01004987562112089,-18.310693253029278,-15.417496415413083,36.27540007259375,6.882875780575178e-13,-75.15885636074066,25.436187160765265,25.846448244003415,59.929521177974095,2178.811729768516,2893.196837616193,-12.833549515124755,-12.834697907128604,-20.75315692751208,-20.75430531951593,False,True,exploratory_double
signed_xxy,99,6,False,neumann_corrected_tail,omega_up_target_1e-2,0.01,0.001,0.01004987562112089,-15.417496415413083,-15.417496415413083,36.27540007259375,6.882875780575178e-13,-75.15885636074066,25.436187160765265,25.846448244003415,59.929521177974095,2178.811729768516,2893.196837616193,-12.833549515124755,-12.834697907128604,-19.501812546168672,-19.50296093817252,False,True,exploratory_double
symmetry_x_even,99,7,True,neumann_corrected_tail,omega_up_target_1e-2,0.01,0.001,0.01004987562112089,7.999414102582207,10.63990097531855,36.27540007259375,6.882875780575178e-13,-75.15885636074066,12.614293206595732,12.817749548637599,59.929521177974095,1863.496409898258,2640.4868727363423,-12.833549515124755,-12.834697907128604,-9.373701308062202,-9.37484970006605,False,True,exploratory_double
signed_xxy,99,7,True,neumann_corrected_tail,omega_up_target_1e-2,0.01,0.001,0.01004987562112089,10.63990097531855,10.63990097531855,36.27540007259375,6.882875780575178e-13,-75.15885636074066,12.614293206595732,12.817749548637599,59.929521177974095,1863.496409898258,2640.4868727363423,-12.833549515124755,-12.834697907128604,-8.23165719642407,-8.232805588427919,False,True,exploratory_double
symmetry_x_even,99,8,False,neumann_corrected_tail,omega_up_target_1e-2,0.01,0.001,0.01004987562112089,7.999414102582207,10.63990097531855,36.27540007259375,6.882875780575178e-13,-75.15885636074066,12.614293206595732,12.817749548637599,59.929521177974095,1863.496409898258,2640.4868727363423,-12.833549515124755,-12.834697907128604,-9.373701308062202,-9.37484970006605,False,True,exploratory_double
signed_xxy,99,8,False,neumann_corrected_tail,omega_up_target_1e-2,0.01,0.001,0.01004987562112089,10.63990097531855,10.63990097531855,36.27540007259375,6.882875780575178e-13,-75.15885636074066,12.614293206595732,12.817749548637599,59.929521177974095,1863.496409898258,2640.4868727363423,-12.833549515124755,-12.834697907128604,-8.23165719642407,-8.232805588427919,False,True,exploratory_double
symmetry_x_even,99,9,True,neumann_corrected_tail,omega_up_target_1e-2,0.01,0.001,0.01004987562112089,7.999414102582207,10.63990097531855,36.27540007259375,6.882875780575178e-13,-75.15885636074066,12.614293206595732,12.817749548637599,59.929521177974095,1863.496409898258,2640.4868727363423,-12.833549515124755,-12.834697907128604,-9.373701308062202,-9.37484970006605,False,True,exploratory_double
signed_xxy,99,9,True,neumann_corrected_tail,omega_up_target_1e-2,0.01,0.001,0.01004987562112089,10.63990097531855,10.63990097531855,36.27540007259375,6.882875780575178e-13,-75.15885636074066,12.614293206595732,12.817749548637599,59.929521177974095,1863.496409898258,2640.4868727363423,-12.833549515124755,-12.834697907128604,-8.23165719642407,-8.232805588427919,False,True,exploratory_double
symmetry_x_even,99,10,True,neumann_corrected_tail,omega_up_target_1e-2,0.01,0.001,0.01004987562112089,7.999414102582207,10.63990097531855,36.27540007259375,6.882875780575178e-13,-75.15885636074066,12.614293206595732,12.817749548637599,59.929521177974095,1863.496409898258,2640.4868727363423,-12.833549515124755,-12.834697907128604,-9.373701308062202,-9.37484970006605,False,True,exploratory_double
signed_xxy,99,10,True,neumann_corrected_tail,omega_up_target_1e-2,0.01,0.001,0.01004987562112089,10.63990097531855,10.63990097531855,36.27540007259375,6.882875780575178e-13,-75.15885636074066,12.614293206595732,12.817749548637599,59.929521177974095,1863.496409898258,2640.4868727363423,-12.833549515124755,-12.834697907128604,-8.23165719642407,-8.232805588427919,False,True,exploratory_double
norm_bound,101,,,tail_ignored,omega_up_target_1e-2,0.01,0.001,0.01004987562112089,19.194093722809303,36.27540007259375,36.27540007259375,6.882875780575178e-13,-75.15885636074067,0.0,0.0,59.929521177974095,1514.9912266937772,1931.394082846672,-12.833549515124755,-12.834697907128604,-4.531860178700017,-4.533008570703865,False,True,exploratory_double
norm_bound,101,5,True,neumann_corrected_tail,omega_up_target_1e-2,0.01,0.001,0.01004987562112089,-40.0818226782838,-15.404472254040435,36.27540007259375,6.882875780575178e-13,-75.15885636074067,25.436187160765265,25.83993616331709,59.929521177974095,2178.4658064575847,2892.692359667518,-12.833549515124755,-12.834697907128604,-30.16944693847411,-30.17059533047796,False,True,exploratory_double
norm_bound,101,6,False,neumann_corrected_tail,omega_up_target_1e-2,0.01,0.001,0.01004987562112089,-40.0818226782838,-15.404472254040435,36.27540007259375,6.882875780575178e-13,-75.15885636074067,25.436187160765265,25.83993616331709,59.929521177974095,2178.4658064575847,2892.692359667518,-12.833549515124755,-12.834697907128604,-30.16944693847411,-30.17059533047796,False,True,exploratory_double
norm_bound,101,7,True,neumann_corrected_tail,omega_up_target_1e-2,0.01,0.001,0.01004987562112089,-10.626856532655337,10.646359906811941,36.27540007259375,6.882875780575178e-13,-75.15885636074067,12.614293206595732,12.814520082890903,59.929521177974095,1863.3095598272555,2640.120841194724,-12.833549515124755,-12.834697907128604,-17.429799946684497,-17.430948338688346,False,True,exploratory_double
norm_bound,101,8,False,neumann_corrected_tail,omega_up_target_1e-2,0.01,0.001,0.01004987562112089,-10.626856532655337,10.646359906811941,36.27540007259375,6.882875780575178e-13,-75.15885636074067,12.614293206595732,12.814520082890903,59.929521177974095,1863.3095598272555,2640.120841194724,-12.833549515124755,-12.834697907128604,-17.429799946684497,-17.430948338688346,False,True,exploratory_double
norm_bound,101,9,True,neumann_corrected_tail,omega_up_target_1e-2,0.01,0.001,0.01004987562112089,-10.626856532655337,10.646359906811941,36.27540007259375,6.882875780575178e-13,-75.15885636074067,12.614293206595732,12.814520082890903,59.929521177974095,1863.3095598272555,2640.120841194724,-12.833549515124755,-12.834697907128604,-17.429799946684497,-17.430948338688346,False,True,exploratory_double
norm_bound,101,10,True,neumann_corrected_tail,omega_up_target_1e-2,0.01,0.001,0.01004987562112089,-10.626856532655337,10.646359906811941,36.27540007259375,6.882875780575178e-13,-75.15885636074067,12.614293206595732,12.814520082890903,59.929521177974095,1863.3095598272555,2640.120841194724,-12.833549515124755,-12.834697907128604,-17.429799946684497,-17.430948338688346,False,True,exploratory_double
symmetry_x_even,101,,,tail_ignored,omega_up_target_1e-2,0.01,0.001,0.01004987562112089,34.344005989747075,36.27540007259375,36.27540007259375,6.882875780575178e-13,-75.15885636074067,0.0,0.0,59.929521177974095,1514.9912266937772,1931.394082846672,-12.833549515124755,-12.834697907128604,2.0206693093033152,2.0195209172994666,True,True,exploratory_double
signed_xxy,101,,,tail_ignored,omega_up_target_1e-2,0.01,0.001,0.01004987562112089,36.27540007259375,36.27540007259375,36.27540007259375,6.882875780575178e-13,-75.15885636074067,0.0,0.0,59.929521177974095,1514.9912266937772,1931.394082846672,-12.833549515124755,-12.834697907128604,2.8560217824939755,2.854873390490127,True,True,exploratory_double
symmetry_x_even,101,5,True,neumann_corrected_tail,omega_up_target_1e-2,0.01,0.001,0.01004987562112089,-18.297164613707952,-15.404472254040435,36.27540007259375,6.882875780575178e-13,-75.15885636074067,25.436187160765265,25.83993616331709,59.929521177974095,2178.4658064575847,2892.692359667518,-12.833549515124755,-12.834697907128604,-20.747305619166287,-20.748454011170136,False,True,exploratory_double
signed_xxy,101,5,True,neumann_corrected_tail,omega_up_target_1e-2,0.01,0.001,0.01004987562112089,-15.404472254040435,-15.404472254040435,36.27540007259375,6.882875780575178e-13,-75.15885636074067,25.436187160765265,25.83993616331709,59.929521177974095,2178.4658064575847,2892.692359667518,-12.833549515124755,-12.834697907128604,-19.49617943094351,-19.49732782294736,False,True,exploratory_double
symmetry_x_even,101,6,False,neumann_corrected_tail,omega_up_target_1e-2,0.01,0.001,0.01004987562112089,-18.297164613707952,-15.404472254040435,36.27540007259375,6.882875780575178e-13,-75.15885636074067,25.436187160765265,25.83993616331709,59.929521177974095,2178.4658064575847,2892.692359667518,-12.833549515124755,-12.834697907128604,-20.747305619166287,-20.748454011170136,False,True,exploratory_double
signed_xxy,101,6,False,neumann_corrected_tail,omega_up_target_1e-2,0.01,0.001,0.01004987562112089,-15.404472254040435,-15.404472254040435,36.27540007259375,6.882875780575178e-13,-75.15885636074067,25.436187160765265,25.83993616331709,59.929521177974095,2178.4658064575847,2892.692359667518,-12.833549515124755,-12.834697907128604,-19.49617943094351,-19.49732782294736,False,True,exploratory_double
symmetry_x_even,101,7,True,neumann_corrected_tail,omega_up_target_1e-2,0.01,0.001,0.01004987562112089,8.006239065617217,10.646359906811941,36.27540007259375,6.882875780575178e-13,-75.15885636074067,12.614293206595732,12.814520082890903,59.929521177974095,1863.3095598272555,2640.120841194724,-12.833549515124755,-12.834697907128604,-9.370749424859614,-9.371897816863463,False,True,exploratory_double
signed_xxy,101,7,True,neumann_corrected_tail,omega_up_target_1e-2,0.01,0.001,0.01004987562112089,10.646359906811941,10.646359906811941,36.27540007259375,6.882875780575178e-13,-75.15885636074067,12.614293206595732,12.814520082890903,59.929521177974095,1863.3095598272555,2640.120841194724,-12.833549515124755,-12.834697907128604,-8.228863626512526,-8.230012018516375,False,True,exploratory_double
symmetry_x_even,101,8,False,neumann_corrected_tail,omega_up_target_1e-2,0.01,0.001,0.01004987562112089,8.006239065617217,10.646359906811941,36.27540007259375,6.882875780575178e-13,-75.15885636074067,12.614293206595732,12.814520082890903,59.929521177974095,1863.3095598272555,2640.120841194724,-12.833549515124755,-12.834697907128604,-9.370749424859614,-9.371897816863463,False,True,exploratory_double
signed_xxy,101,8,False,neumann_corrected_tail,omega_up_target_1e-2,0.01,0.001,0.01004987562112089,10.646359906811941,10.646359906811941,36.27540007259375,6.882875780575178e-13,-75.15885636074067,12.614293206595732,12.814520082890903,59.929521177974095,1863.3095598272555,2640.120841194724,-12.833549515124755,-12.834697907128604,-8.228863626512526,-8.230012018516375,False,True,exploratory_double
symmetry_x_even,101,9,True,neumann_corrected_tail,omega_up_target_1e-2,0.01,0.001,0.01004987562112089,8.006239065617217,10.646359906811941,36.27540007259375,6.882875780575178e-13,-75.15885636074067,12.614293206595732,12.814520082890903,59.929521177974095,1863.3095598272555,2640.120841194724,-12.833549515124755,-12.834697907128604,-9.370749424859614,-9.371897816863463,False,True,exploratory_double
signed_xxy,101,9,True,neumann_corrected_tail,omega_up_target_1e-2,0.01,0.001,0.01004987562112089,10.646359906811941,10.646359906811941,36.27540007259375,6.882875780575178e-13,-75.15885636074067,12.614293206595732,12.814520082890903,59.929521177974095,1863.3095598272555,2640.120841194724,-12.833549515124755,-12.834697907128604,-8.228863626512526,-8.230012018516375,False,True,exploratory_double
symmetry_x_even,101,10,True,neumann_corrected_tail,omega_up_target_1e-2,0.01,0.001,0.01004987562112089,8.006239065617217,10.646359906811941,36.27540007259375,6.882875780575178e-13,-75.15885636074067,12.614293206595732,12.814520082890903,59.929521177974095,1863.3095598272555,2640.120841194724,-12.833549515124755,-12.834697907128604,-9.370749424859614,-9.371897816863463,False,True,exploratory_double
signed_xxy,101,10,True,neumann_corrected_tail,omega_up_target_1e-2,0.01,0.001,0.01004987562112089,10.646359906811941,10.646359906811941,36.27540007259375,6.882875780575178e-13,-75.15885636074067,12.614293206595732,12.814520082890903,59.929521177974095,1863.3095598272555,2640.120841194724,-12.833549515124755,-12.834697907128604,-8.228863626512526,-8.230012018516375,False,True,exploratory_double
norm_bound,199,,,tail_ignored,omega_up_target_1e-2,0.01,0.001,0.01004987562112089,19.170402347031416,36.255004229305264,36.255004229305264,6.350043961322369e-13,-75.17071728409633,0.0,0.0,59.919456471344404,1515.2886228497398,1931.715653776451,-12.833549515124755,-12.834697907128604,-4.5421069996492545,-4.543255391653103,False,True,exploratory_double
norm_bound,199,5,True,neumann_corrected_tail,omega_up_target_1e-2,0.01,0.001,0.01004987562112089,-39.58050346677619,-15.019835511998615,36.255004229305264,6.350043961322369e-13,-75.17071728409633,25.426122454135573,25.63741987065194,59.919456471344404,2168.282961551821,2877.8383392593723,-12.833549515124755,-12.834697907128604,-29.95262001179448,-29.95376840379833,False,True,exploratory_double
norm_bound,199,6,False,neumann_corrected_tail,omega_up_target_1e-2,0.01,0.001,0.01004987562112089,-39.58050346677619,-15.019835511998615,36.255004229305264,6.350043961322369e-13,-75.17071728409633,25.426122454135573,25.63741987065194,59.919456471344404,2168.282961551821,2877.8383392593723,-12.833549515124755,-12.834697907128604,-29.95262001179448,-29.95376840379833,False,True,exploratory_double
norm_bound,199,7,True,neumann_corrected_tail,omega_up_target_1e-2,0.01,0.001,0.01004987562112089,-10.370404902947378,10.837058667046872,36.255004229305264,6.350043961322369e-13,-75.17071728409633,12.604228499966041,12.708972781129196,59.919456471344404,1857.8124168385111,2629.339401609138,-12.833549515124755,-12.834697907128604,-17.318881359414846,-17.320029751418694,False,True,exploratory_double
norm_bound,199,8,False,neumann_corrected_tail,omega_up_target_1e-2,0.01,0.001,0.01004987562112089,-10.370404902947378,10.837058667046872,36.255004229305264,6.350043961322369e-13,-75.17071728409633,12.604228499966041,12.708972781129196,59.919456471344404,1857.8124168385111,2629.339401609138,-12.833549515124755,-12.834697907128604,-17.318881359414846,-17.320029751418694,False,True,exploratory_double
norm_bound,199,9,True,neumann_corrected_tail,omega_up_target_1e-2,0.01,0.001,0.01004987562112089,-10.370404902947378,10.837058667046872,36.255004229305264,6.350043961322369e-13,-75.17071728409633,12.604228499966041,12.708972781129196,59.919456471344404,1857.8124168385111,2629.339401609138,-12.833549515124755,-12.834697907128604,-17.318881359414846,-17.320029751418694,False,True,exploratory_double
norm_bound,199,10,True,neumann_corrected_tail,omega_up_target_1e-2,0.01,0.001,0.01004987562112089,-10.370404902947378,10.837058667046872,36.255004229305264,6.350043961322369e-13,-75.17071728409633,12.604228499966041,12.708972781129196,59.919456471344404,1857.8124168385111,2629.339401609138,-12.833549515124755,-12.834697907128604,-17.318881359414846,-17.320029751418694,False,True,exploratory_double
symmetry_x_even,199,,,tail_ignored,omega_up_target_1e-2,0.01,0.001,0.01004987562112089,34.323288575528814,36.255004229305264,36.255004229305264,6.350043961322369e-13,-75.17071728409633,0.0,0.0,59.919456471344404,1515.2886228497398,1931.715653776451,-12.833549515124755,-12.834697907128604,2.011708764503556,2.0105603724997074,True,True,exploratory_double
signed_xxy,199,,,tail_ignored,omega_up_target_1e-2,0.01,0.001,0.01004987562112089,36.255004229305264,36.255004229305264,36.255004229305264,6.350043961322369e-13,-75.17071728409633,0.0,0.0,59.919456471344404,1515.2886228497398,1931.715653776451,-12.833549515124755,-12.834697907128604,2.847200321205902,2.846051929202053,True,True,exploratory_double
symmetry_x_even,199,5,True,neumann_corrected_tail,omega_up_target_1e-2,0.01,0.001,0.01004987562112089,-17.897673851257988,-15.019835511998615,36.255004229305264,6.350043961322369e-13,-75.17071728409633,25.426122454135573,25.63741987065194,59.919456471344404,2168.282961551821,2877.8383392593723,-12.833549515124755,-12.834697907128604,-20.57452079011807,-20.575669182121917,False,True,exploratory_double
signed_xxy,199,5,True,neumann_corrected_tail,omega_up_target_1e-2,0.01,0.001,0.01004987562112089,-15.019835511998615,-15.019835511998615,36.255004229305264,6.350043961322369e-13,-75.17071728409633,25.426122454135573,25.63741987065194,59.919456471344404,2168.282961551821,2877.8383392593723,-12.833549515124755,-12.834697907128604,-19.32981915439598,-19.33096754639983,False,True,exploratory_double
symmetry_x_even,199,6,False,neumann_corrected_tail,omega_up_target_1e-2,0.01,0.001,0.01004987562112089,-17.897673851257988,-15.019835511998615,36.255004229305264,6.350043961322369e-13,-75.17071728409633,25.426122454135573,25.63741987065194,59.919456471344404,2168.282961551821,2877.8383392593723,-12.833549515124755,-12.834697907128604,-20.57452079011807,-20.575669182121917,False,True,exploratory_double
signed_xxy,199,6,False,neumann_corrected_tail,omega_up_target_1e-2,0.01,0.001,0.01004987562112089,-15.019835511998615,-15.019835511998615,36.255004229305264,6.350043961322369e-13,-75.17071728409633,25.426122454135573,25.63741987065194,59.919456471344404,2168.282961551821,2877.8383392593723,-12.833549515124755,-12.834697907128604,-19.32981915439598,-19.33096754639983,False,True,exploratory_double
symmetry_x_even,199,7,True,neumann_corrected_tail,omega_up_target_1e-2,0.01,0.001,0.01004987562112089,8.207719265437735,10.837058667046872,36.255004229305264,6.350043961322369e-13,-75.17071728409633,12.604228499966041,12.708972781129196,59.919456471344404,1857.8124168385111,2629.339401609138,-12.833549515124755,-12.834697907128604,-9.28360667925746,-9.284755071261309,False,True,exploratory_double
signed_xxy,199,7,True,neumann_corrected_tail,omega_up_target_1e-2,0.01,0.001,0.01004987562112089,10.837058667046872,10.837058667046872,36.255004229305264,6.350043961322369e-13,-75.17071728409633,12.604228499966041,12.708972781129196,59.919456471344404,1857.8124168385111,2629.339401609138,-12.833549515124755,-12.834697907128604,-8.146383990475819,-8.147532382479667,False,True,exploratory_double
symmetry_x_even,199,8,False,neumann_corrected_tail,omega_up_target_1e-2,0.01,0.001,0.01004987562112089,8.207719265437735,10.837058667046872,36.255004229305264,6.350043961322369e-13,-75.17071728409633,12.604228499966041,12.708972781129196,59.919456471344404,1857.8124168385111,2629.339401609138,-12.833549515124755,-12.834697907128604,-9.28360667925746,-9.284755071261309,False,True,exploratory_double
signed_xxy,199,8,False,neumann_corrected_tail,omega_up_target_1e-2,0.01,0.001,0.01004987562112089,10.837058667046872,10.837058667046872,36.255004229305264,6.350043961322369e-13,-75.17071728409633,12.604228499966041,12.708972781129196,59.919456471344404,1857.8124168385111,2629.339401609138,-12.833549515124755,-12.834697907128604,-8.146383990475819,-8.147532382479667,False,True,exploratory_double
symmetry_x_even,199,9,True,neumann_corrected_tail,omega_up_target_1e-2,0.01,0.001,0.01004987562112089,8.207719265437735,10.837058667046872,36.255004229305264,6.350043961322369e-13,-75.17071728409633,12.604228499966041,12.708972781129196,59.919456471344404,1857.8124168385111,2629.339401609138,-12.833549515124755,-12.834697907128604,-9.28360667925746,-9.284755071261309,False,True,exploratory_double
signed_xxy,199,9,True,neumann_corrected_tail,omega_up_target_1e-2,0.01,0.001,0.01004987562112089,10.837058667046872,10.837058667046872,36.255004229305264,6.350043961322369e-13,-75.17071728409633,12.604228499966041,12.708972781129196,59.919456471344404,1857.8124168385111,2629.339401609138,-12.833549515124755,-12.834697907128604,-8.146383990475819,-8.147532382479667,False,True,exploratory_double
symmetry_x_even,199,10,True,neumann_corrected_tail,omega_up_target_1e-2,0.01,0.001,0.01004987562112089,8.207719265437735,10.837058667046872,36.255004229305264,6.350043961322369e-13,-75.17071728409633,12.604228499966041,12.708972781129196,59.919456471344404,1857.8124168385111,2629.339401609138,-12.833549515124755,-12.834697907128604,-9.28360667925746,-9.284755071261309,False,True,exploratory_double
signed_xxy,199,10,True,neumann_corrected_tail,omega_up_target_1e-2,0.01,0.001,0.01004987562112089,10.837058667046872,10.837058667046872,36.255004229305264,6.350043961322369e-13,-75.17071728409633,12.604228499966041,12.708972781129196,59.919456471344404,1857.8124168385111,2629.339401609138,-12.833549515124755,-12.834697907128604,-8.146383990475819,-8.147532382479667,False,True,exploratory_double
norm_bound,203,,,tail_ignored,omega_up_target_1e-2,0.01,0.001,0.01004987562112089,19.16869305788415,36.25353145267341,36.25353145267341,6.296756665655021e-13,-75.17761454279557,0.0,0.0,59.91872615216295,1515.3099668164991,1931.738726624266,-12.833549515124755,-12.834697907128604,-4.542846288916655,-4.543994680920504,False,True,exploratory_double
norm_bound,203,5,True,neumann_corrected_tail,omega_up_target_1e-2,0.01,0.001,0.01004987562112089,-39.57596743202453,-15.016352687591208,36.25353145267341,6.296756665655021e-13,-75.17761454279557,25.425392134954116,25.634942070132308,59.91872615216295,2168.191050964306,2877.7042347902593,-12.833549515124755,-12.834697907128604,-29.95065811914816,-29.951806511152007,False,True,exploratory_double
norm_bound,203,6,False,neumann_corrected_tail,omega_up_target_1e-2,0.01,0.001,0.01004987562112089,-39.57596743202453,-15.016352687591208,36.25353145267341,6.296756665655021e-13,-75.17761454279557,25.425392134954116,25.634942070132308,59.91872615216295,2168.191050964306,2877.7042347902593,-12.833549515124755,-12.834697907128604,-29.95065811914816,-29.951806511152007,False,True,exploratory_double
norm_bound,203,7,True,neumann_corrected_tail,omega_up_target_1e-2,0.01,0.001,0.01004987562112089,-10.368085133420784,10.838785121091306,36.25353145267341,6.296756665655021e-13,-75.17761454279557,12.603498180784584,12.70737316579105,59.91872615216295,1857.7628227018815,2629.242027493273,-12.833549515124755,-12.834697907128604,-17.317878029629128,-17.319026421632977,False,True,exploratory_double
norm_bound,203,8,False,neumann_corrected_tail,omega_up_target_1e-2,0.01,0.001,0.01004987562112089,-10.368085133420784,10.838785121091306,36.25353145267341,6.296756665655021e-13,-75.17761454279557,12.603498180784584,12.70737316579105,59.91872615216295,1857.7628227018815,2629.242027493273,-12.833549515124755,-12.834697907128604,-17.317878029629128,-17.319026421632977,False,True,exploratory_double
norm_bound,203,9,True,neumann_corrected_tail,omega_up_target_1e-2,0.01,0.001,0.01004987562112089,-10.368085133420784,10.838785121091306,36.25353145267341,6.296756665655021e-13,-75.17761454279557,12.603498180784584,12.70737316579105,59.91872615216295,1857.7628227018815,2629.242027493273,-12.833549515124755,-12.834697907128604,-17.317878029629128,-17.319026421632977,False,True,exploratory_double
norm_bound,203,10,True,neumann_corrected_tail,omega_up_target_1e-2,0.01,0.001,0.01004987562112089,-10.368085133420784,10.838785121091306,36.25353145267341,6.296756665655021e-13,-75.17761454279557,12.603498180784584,12.70737316579105,59.91872615216295,1857.7628227018815,2629.242027493273,-12.833549515124755,-12.834697907128604,-17.317878029629128,-17.319026421632977,False,True,exploratory_double
symmetry_x_even,203,,,tail_ignored,omega_up_target_1e-2,0.01,0.001,0.01004987562112089,34.32179272604914,36.25353145267341,36.25353145267341,6.296756665655021e-13,-75.17761454279557,0.0,0.0,59.91872615216295,1515.3099668164991,1931.738726624266,-12.833549515124755,-12.834697907128604,2.0110617906034776,2.009913398599629,True,True,exploratory_double
signed_xxy,203,,,tail_ignored,omega_up_target_1e-2,0.01,0.001,0.01004987562112089,36.25353145267341,36.25353145267341,36.25353145267341,6.296756665655021e-13,-75.17761454279557,0.0,0.0,59.91872615216295,1515.3099668164991,1931.738726624266,-12.833549515124755,-12.834697907128604,2.8465633266055743,2.8454149346017257,True,True,exploratory_double
symmetry_x_even,203,5,True,neumann_corrected_tail,omega_up_target_1e-2,0.01,0.001,0.01004987562112089,-17.894056922381466,-15.016352687591208,36.25353145267341,6.296756665655021e-13,-75.17761454279557,25.425392134954116,25.634942070132308,59.91872615216295,2168.191050964306,2877.7042347902593,-12.833549515124755,-12.834697907128604,-20.572956422437134,-20.574104814440982,False,True,exploratory_double
signed_xxy,203,5,True,neumann_corrected_tail,omega_up_target_1e-2,0.01,0.001,0.01004987562112089,-15.016352687591208,-15.016352687591208,36.25353145267341,6.296756665655021e-13,-75.17761454279557,25.425392134954116,25.634942070132308,59.91872615216295,2168.191050964306,2877.7042347902593,-12.833549515124755,-12.834697907128604,-19.328312788601316,-19.329461180605165,False,True,exploratory_double
symmetry_x_even,203,6,False,neumann_corrected_tail,omega_up_target_1e-2,0.01,0.001,0.01004987562112089,-17.894056922381466,-15.016352687591208,36.25353145267341,6.296756665655021e-13,-75.17761454279557,25.425392134954116,25.634942070132308,59.91872615216295,2168.191050964306,2877.7042347902593,-12.833549515124755,-12.834697907128604,-20.572956422437134,-20.574104814440982,False,True,exploratory_double
signed_xxy,203,6,False,neumann_corrected_tail,omega_up_target_1e-2,0.01,0.001,0.01004987562112089,-15.016352687591208,-15.016352687591208,36.25353145267341,6.296756665655021e-13,-75.17761454279557,25.425392134954116,25.634942070132308,59.91872615216295,2168.191050964306,2877.7042347902593,-12.833549515124755,-12.834697907128604,-19.328312788601316,-19.329461180605165,False,True,exploratory_double
symmetry_x_even,203,7,True,neumann_corrected_tail,omega_up_target_1e-2,0.01,0.001,0.01004987562112089,8.209543093598032,10.838785121091306,36.25353145267341,6.296756665655021e-13,-75.17761454279557,12.603498180784584,12.70737316579105,59.91872615216295,1857.7628227018815,2629.242027493273,-12.833549515124755,-12.834697907128604,-9.282817850412062,-9.28396624241591,False,True,exploratory_double
signed_xxy,203,7,True,neumann_corrected_tail,omega_up_target_1e-2,0.01,0.001,0.01004987562112089,10.838785121091306,10.838785121091306,36.25353145267341,6.296756665655021e-13,-75.17761454279557,12.603498180784584,12.70737316579105,59.91872615216295,1857.7628227018815,2629.242027493273,-12.833549515124755,-12.834697907128604,-8.14563727717237,-8.146785669176218,False,True,exploratory_double
symmetry_x_even,203,8,False,neumann_corrected_tail,omega_up_target_1e-2,0.01,0.001,0.01004987562112089,8.209543093598032,10.838785121091306,36.25353145267341,6.296756665655021e-13,-75.17761454279557,12.603498180784584,12.70737316579105,59.91872615216295,1857.7628227018815,2629.242027493273,-12.833549515124755,-12.834697907128604,-9.282817850412062,-9.28396624241591,False,True,exploratory_double
signed_xxy,203,8,False,neumann_corrected_tail,omega_up_target_1e-2,0.01,0.001,0.01004987562112089,10.838785121091306,10.838785121091306,36.25353145267341,6.296756665655021e-13,-75.17761454279557,12.603498180784584,12.70737316579105,59.91872615216295,1857.7628227018815,2629.242027493273,-12.833549515124755,-12.834697907128604,-8.14563727717237,-8.146785669176218,False,True,exploratory_double
symmetry_x_even,203,9,True,neumann_corrected_tail,omega_up_target_1e-2,0.01,0.001,0.01004987562112089,8.209543093598032,10.838785121091306,36.25353145267341,6.296756665655021e-13,-75.17761454279557,12.603498180784584,12.70737316579105,59.91872615216295,1857.7628227018815,2629.242027493273,-12.833549515124755,-12.834697907128604,-9.282817850412062,-9.28396624241591,False,True,exploratory_double
signed_xxy,203,9,True,neumann_corrected_tail,omega_up_target_1e-2,0.01,0.001,0.01004987562112089,10.838785121091306,10.838785121091306,36.25353145267341,6.296756665655021e-13,-75.17761454279557,12.603498180784584,12.70737316579105,59.91872615216295,1857.7628227018815,2629.242027493273,-12.833549515124755,-12.834697907128604,-8.14563727717237,-8.146785669176218,False,True,exploratory_double
symmetry_x_even,203,10,True,neumann_corrected_tail,omega_up_target_1e-2,0.01,0.001,0.01004987562112089,8.209543093598032,10.838785121091306,36.25353145267341,6.296756665655021e-13,-75.17761454279557,12.603498180784584,12.70737316579105,59.91872615216295,1857.7628227018815,2629.242027493273,-12.833549515124755,-12.834697907128604,-9.282817850412062,-9.28396624241591,False,True,exploratory_double
signed_xxy,203,10,True,neumann_corrected_tail,omega_up_target_1e-2,0.01,0.001,0.01004987562112089,10.838785121091306,10.838785121091306,36.25353145267341,6.296756665655021e-13,-75.17761454279557,12.603498180784584,12.70737316579105,59.91872615216295,1857.7628227018815,2629.242027493273,-12.833549515124755,-12.834697907128604,-8.14563727717237,-8.146785669176218,False,True,exploratory_double
