J,M,J_cluster_complete,M_cluster_complete,lambda_next,lambda1,alpha,G_norm_sq,D_J,N_M,old_dirichlet_tail_energy,neumann_corrected_tail_energy,old_tail_bound,neumann_corrected_tail_bound,tail_energy_ratio,lambda_xx_finite,lambda_xx_old_tail_lower,lambda_xx_neumann_tail_lower,lambda_xx_lower_improvement,rigorous_part,rigorous_flag
30,5,True,True,1105.395692922008,52.637890139143245,1.05,70.18385351885578,10.197238938228862,34.49333401720883,59.98661458062692,25.49328056341809,62.98594530965827,26.767944591588996,0.42498281894460027,36.393407478299366,-89.57848314101717,-17.142481704878627,72.43600143613855,Neumann-corrected tail formula; double precision inputs,exploratory_double
30,6,True,False,1105.395692922008,52.637890139143245,1.05,70.18385351885578,10.197238938228862,34.49333401720883,59.98661458062692,25.49328056341809,62.98594530965827,26.767944591588996,0.42498281894460027,36.393407478299366,-89.57848314101717,-17.142481704878627,72.43600143613855,Neumann-corrected tail formula; double precision inputs,exploratory_double
30,7,True,True,1105.395692922008,52.637890139143245,1.05,70.18385351885578,10.197238938228862,47.31522797137836,59.98661458062692,12.671386609248557,62.98594530965827,13.304955939710986,0.21123690172942125,36.393407478299366,-89.57848314101717,9.783495598877394,99.36197873989457,Neumann-corrected tail formula; double precision inputs,exploratory_double
30,8,True,False,1105.395692922008,52.637890139143245,1.05,70.18385351885578,10.197238938228862,47.31522797137836,59.98661458062692,12.671386609248557,62.98594530965827,13.304955939710986,0.21123690172942125,36.393407478299366,-89.57848314101717,9.783495598877394,99.36197873989457,Neumann-corrected tail formula; double precision inputs,exploratory_double
30,9,True,True,1105.395692922008,52.637890139143245,1.05,70.18385351885578,10.197238938228862,47.31522797137836,59.98661458062692,12.671386609248557,62.98594530965827,13.304955939710986,0.21123690172942125,36.393407478299366,-89.57848314101717,9.783495598877394,99.36197873989457,Neumann-corrected tail formula; double precision inputs,exploratory_double
30,10,True,True,1105.395692922008,52.637890139143245,1.05,70.18385351885578,10.197238938228862,47.31522797137836,59.98661458062692,12.671386609248557,62.98594530965827,13.304955939710986,0.21123690172942125,36.393407478299366,-89.57848314101717,9.783495598877394,99.36197873989457,Neumann-corrected tail formula; double precision inputs,exploratory_double
49,5,True,True,1701.9584478322984,52.637890139143245,1.0319148936170213,70.18385351885578,10.229665819176745,34.49333401720883,59.95418769967904,25.46085368247021,61.86761922200922,26.273434119144788,0.42467181458629805,36.325965036689574,-87.40927340732887,-16.220903201600002,71.18837020572886,Neumann-corrected tail formula; double precision inputs,exploratory_double
49,6,True,False,1701.9584478322984,52.637890139143245,1.0319148936170213,70.18385351885578,10.229665819176745,34.49333401720883,59.95418769967904,25.46085368247021,61.86761922200922,26.273434119144788,0.42467181458629805,36.325965036689574,-87.40927340732887,-16.220903201600002,71.18837020572886,Neumann-corrected tail formula; double precision inputs,exploratory_double
49,7,True,True,1701.9584478322984,52.637890139143245,1.0319148936170213,70.18385351885578,10.229665819176745,47.31522797137836,59.95418769967904,12.638959728300676,61.86761922200922,13.042330783459208,0.21081029054403047,36.325965036689574,-87.40927340732887,10.241303469771157,97.65057687710002,Neumann-corrected tail formula; double precision inputs,exploratory_double
49,8,True,False,1701.9584478322984,52.637890139143245,1.0319148936170213,70.18385351885578,10.229665819176745,47.31522797137836,59.95418769967904,12.638959728300676,61.86761922200922,13.042330783459208,0.21081029054403047,36.325965036689574,-87.40927340732887,10.241303469771157,97.65057687710002,Neumann-corrected tail formula; double precision inputs,exploratory_double
49,9,True,True,1701.9584478322984,52.637890139143245,1.0319148936170213,70.18385351885578,10.229665819176745,47.31522797137836,59.95418769967904,12.638959728300676,61.86761922200922,13.042330783459208,0.21081029054403047,36.325965036689574,-87.40927340732887,10.241303469771157,97.65057687710002,Neumann-corrected tail formula; double precision inputs,exploratory_double
49,10,True,True,1701.9584478322984,52.637890139143245,1.0319148936170213,70.18385351885578,10.229665819176745,47.31522797137836,59.95418769967904,12.638959728300676,61.86761922200922,13.042330783459208,0.21081029054403047,36.325965036689574,-87.40927340732887,10.241303469771157,97.65057687710002,Neumann-corrected tail formula; double precision inputs,exploratory_double
51,5,True,True,1807.2342281105848,52.637890139143245,1.03,70.18385351885578,10.230502951607773,34.49333401720883,59.95335056724801,25.460016550039178,61.75195108426545,26.223817046540354,0.42466378124240756,36.324237337842554,-87.17966483068835,-16.123396755238154,71.05626807545019,Neumann-corrected tail formula; double precision inputs,exploratory_double
51,6,True,False,1807.2342281105848,52.637890139143245,1.03,70.18385351885578,10.230502951607773,34.49333401720883,59.95335056724801,25.460016550039178,61.75195108426545,26.223817046540354,0.42466378124240756,36.324237337842554,-87.17966483068835,-16.123396755238154,71.05626807545019,Neumann-corrected tail formula; double precision inputs,exploratory_double
51,7,True,True,1807.2342281105848,52.637890139143245,1.03,70.18385351885578,10.230502951607773,47.31522797137836,59.95335056724801,12.638122595869646,61.75195108426545,13.017266273745737,0.21079927103813514,36.324237337842554,-87.17966483068835,10.289704790351081,97.46936962103943,Neumann-corrected tail formula; double precision inputs,exploratory_double
51,8,True,False,1807.2342281105848,52.637890139143245,1.03,70.18385351885578,10.230502951607773,47.31522797137836,59.95335056724801,12.638122595869646,61.75195108426545,13.017266273745737,0.21079927103813514,36.324237337842554,-87.17966483068835,10.289704790351081,97.46936962103943,Neumann-corrected tail formula; double precision inputs,exploratory_double
51,9,True,True,1807.2342281105848,52.637890139143245,1.03,70.18385351885578,10.230502951607773,47.31522797137836,59.95335056724801,12.638122595869646,61.75195108426545,13.017266273745737,0.21079927103813514,36.324237337842554,-87.17966483068835,10.289704790351081,97.46936962103943,Neumann-corrected tail formula; double precision inputs,exploratory_double
51,10,True,True,1807.2342281105848,52.637890139143245,1.03,70.18385351885578,10.230502951607773,47.31522797137836,59.95335056724801,12.638122595869646,61.75195108426545,13.017266273745737,0.21079927103813514,36.324237337842554,-87.17966483068835,10.289704790351081,97.46936962103943,Neumann-corrected tail formula; double precision inputs,exploratory_double
99,5,True,True,3316.1870787660246,52.637890139143245,1.0161290322580645,70.18385351885578,10.254332340881692,34.49333401720883,59.929521177974095,25.436187160765265,60.896126358264,25.846448244003415,0.42443501400965356,36.27540007259375,-85.51685264393424,-15.417496415413083,70.09935622852116,Neumann-corrected tail formula; double precision inputs,exploratory_double
99,6,True,False,3316.1870787660246,52.637890139143245,1.0161290322580645,70.18385351885578,10.254332340881692,34.49333401720883,59.929521177974095,25.436187160765265,60.896126358264,25.846448244003415,0.42443501400965356,36.27540007259375,-85.51685264393424,-15.417496415413083,70.09935622852116,Neumann-corrected tail formula; double precision inputs,exploratory_double
99,7,True,True,3316.1870787660246,52.637890139143245,1.0161290322580645,70.18385351885578,10.254332340881692,47.31522797137836,59.929521177974095,12.614293206595732,60.896126358264,12.817749548637599,0.2104854662384966,36.27540007259375,-85.51685264393424,10.63990097531855,96.1567536192528,Neumann-corrected tail formula; double precision inputs,exploratory_double
99,8,True,False,3316.1870787660246,52.637890139143245,1.0161290322580645,70.18385351885578,10.254332340881692,47.31522797137836,59.929521177974095,12.614293206595732,60.896126358264,12.817749548637599,0.2104854662384966,36.27540007259375,-85.51685264393424,10.63990097531855,96.1567536192528,Neumann-corrected tail formula; double precision inputs,exploratory_double
99,9,True,True,3316.1870787660246,52.637890139143245,1.0161290322580645,70.18385351885578,10.254332340881692,47.31522797137836,59.929521177974095,12.614293206595732,60.896126358264,12.817749548637599,0.2104854662384966,36.27540007259375,-85.51685264393424,10.63990097531855,96.1567536192528,Neumann-corrected tail formula; double precision inputs,exploratory_double
99,10,True,True,3316.1870787660246,52.637890139143245,1.0161290322580645,70.18385351885578,10.254332340881692,47.31522797137836,59.929521177974095,12.614293206595732,60.896126358264,12.817749548637599,0.2104854662384966,36.27540007259375,-85.51685264393424,10.63990097531855,96.1567536192528,Neumann-corrected tail formula; double precision inputs,exploratory_double
101,5,True,True,3368.8249689051677,52.637890139143245,1.0158730158730158,70.18385351885578,10.254332340881692,34.49333401720883,59.929521177974095,25.436187160765265,60.88078341889432,25.83993616331709,0.42443501400965356,36.27540007259375,-85.4861667651949,-15.404472254040435,70.08169451115447,Neumann-corrected tail formula; double precision inputs,exploratory_double
101,6,True,False,3368.8249689051677,52.637890139143245,1.0158730158730158,70.18385351885578,10.254332340881692,34.49333401720883,59.929521177974095,25.436187160765265,60.88078341889432,25.83993616331709,0.42443501400965356,36.27540007259375,-85.4861667651949,-15.404472254040435,70.08169451115447,Neumann-corrected tail formula; double precision inputs,exploratory_double
101,7,True,True,3368.8249689051677,52.637890139143245,1.0158730158730158,70.18385351885578,10.254332340881692,47.31522797137836,59.929521177974095,12.614293206595732,60.88078341889432,12.814520082890903,0.2104854662384966,36.27540007259375,-85.4861667651949,10.646359906811941,96.13252667200683,Neumann-corrected tail formula; double precision inputs,exploratory_double
101,8,True,False,3368.8249689051677,52.637890139143245,1.0158730158730158,70.18385351885578,10.254332340881692,47.31522797137836,59.929521177974095,12.614293206595732,60.88078341889432,12.814520082890903,0.2104854662384966,36.27540007259375,-85.4861667651949,10.646359906811941,96.13252667200683,Neumann-corrected tail formula; double precision inputs,exploratory_double
101,9,True,True,3368.8249689051677,52.637890139143245,1.0158730158730158,70.18385351885578,10.254332340881692,47.31522797137836,59.929521177974095,12.614293206595732,60.88078341889432,12.814520082890903,0.2104854662384966,36.27540007259375,-85.4861667651949,10.646359906811941,96.13252667200683,Neumann-corrected tail formula; double precision inputs,exploratory_double
101,10,True,True,3368.8249689051677,52.637890139143245,1.0158730158730158,70.18385351885578,10.254332340881692,47.31522797137836,59.929521177974095,12.614293206595732,60.88078341889432,12.814520082890903,0.2104854662384966,36.27540007259375,-85.4861667651949,10.646359906811941,96.13252667200683,Neumann-corrected tail formula; double precision inputs,exploratory_double
199,5,True,True,6386.730670216047,52.637890139143245,1.0083102493074794,70.18385351885578,10.264397047511384,34.49333401720883,59.919456471344404,25.426122454135573,60.41740209298993,25.63741987065194,0.4243383360177047,36.255004229305264,-84.5797999566746,-15.019835511998615,69.55996444467598,Neumann-corrected tail formula; double precision inputs,exploratory_double
199,6,True,False,6386.730670216047,52.637890139143245,1.0083102493074794,70.18385351885578,10.264397047511384,34.49333401720883,59.919456471344404,25.426122454135573,60.41740209298993,25.63741987065194,0.4243383360177047,36.255004229305264,-84.5797999566746,-15.019835511998615,69.55996444467598,Neumann-corrected tail formula; double precision inputs,exploratory_double
199,7,True,True,6386.730670216047,52.637890139143245,1.0083102493074794,70.18385351885578,10.264397047511384,47.31522797137836,59.919456471344404,12.604228499966041,60.41740209298993,12.708972781129196,0.2103528510141581,36.255004229305264,-84.5797999566746,10.837058667046872,95.41685862372148,Neumann-corrected tail formula; double precision inputs,exploratory_double
199,8,True,False,6386.730670216047,52.637890139143245,1.0083102493074794,70.18385351885578,10.264397047511384,47.31522797137836,59.919456471344404,12.604228499966041,60.41740209298993,12.708972781129196,0.2103528510141581,36.255004229305264,-84.5797999566746,10.837058667046872,95.41685862372148,Neumann-corrected tail formula; double precision inputs,exploratory_double
199,9,True,True,6386.730670216047,52.637890139143245,1.0083102493074794,70.18385351885578,10.264397047511384,47.31522797137836,59.919456471344404,12.604228499966041,60.41740209298993,12.708972781129196,0.2103528510141581,36.255004229305264,-84.5797999566746,10.837058667046872,95.41685862372148,Neumann-corrected tail formula; double precision inputs,exploratory_double
199,10,True,True,6386.730670216047,52.637890139143245,1.0083102493074794,70.18385351885578,10.264397047511384,47.31522797137836,59.919456471344404,12.604228499966041,60.41740209298993,12.708972781129196,0.2103528510141581,36.255004229305264,-84.5797999566746,10.837058667046872,95.41685862372148,Neumann-corrected tail formula; double precision inputs,exploratory_double
203,5,True,True,6439.36856035519,52.637890139143245,1.0082417582417582,70.18385351885578,10.265127366692841,34.49333401720883,59.91872615216295,25.425392134954116,60.41256180726319,25.634942070132308,0.42433131956755243,36.25353145267341,-84.57159216185298,-15.016352687591208,69.55523947426177,Neumann-corrected tail formula; double precision inputs,exploratory_double
203,6,True,False,6439.36856035519,52.637890139143245,1.0082417582417582,70.18385351885578,10.265127366692841,34.49333401720883,59.91872615216295,25.425392134954116,60.41256180726319,25.634942070132308,0.42433131956755243,36.25353145267341,-84.57159216185298,-15.016352687591208,69.55523947426177,Neumann-corrected tail formula; double precision inputs,exploratory_double
203,7,True,True,6439.36856035519,52.637890139143245,1.0082417582417582,70.18385351885578,10.265127366692841,47.31522797137836,59.91872615216295,12.603498180784584,60.41256180726319,12.70737316579105,0.21034322640267983,36.25353145267341,-84.57159216185298,10.838785121091306,95.41037728294428,Neumann-corrected tail formula; double precision inputs,exploratory_double
203,8,True,False,6439.36856035519,52.637890139143245,1.0082417582417582,70.18385351885578,10.265127366692841,47.31522797137836,59.91872615216295,12.603498180784584,60.41256180726319,12.70737316579105,0.21034322640267983,36.25353145267341,-84.57159216185298,10.838785121091306,95.41037728294428,Neumann-corrected tail formula; double precision inputs,exploratory_double
203,9,True,True,6439.36856035519,52.637890139143245,1.0082417582417582,70.18385351885578,10.265127366692841,47.31522797137836,59.91872615216295,12.603498180784584,60.41256180726319,12.70737316579105,0.21034322640267983,36.25353145267341,-84.57159216185298,10.838785121091306,95.41037728294428,Neumann-corrected tail formula; double precision inputs,exploratory_double
203,10,True,True,6439.36856035519,52.637890139143245,1.0082417582417582,70.18385351885578,10.265127366692841,47.31522797137836,59.91872615216295,12.603498180784584,60.41256180726319,12.70737316579105,0.21034322640267983,36.25353145267341,-84.57159216185298,10.838785121091306,95.41037728294428,Neumann-corrected tail formula; double precision inputs,exploratory_double
